transcription	location_extended_found	location_extended	company_found	company	address_found	address	location_found	location	goods_found	goods
Engines (steam, marine and stationary)										
Sulzer Frères S. A., Winterthur.	True	Winterthur.	True	Sulzer Frères S. A.						
Envelopes (Manufacturers)										
H. Goessler & Co., A.-G., 22, Glärnischstrasse, Zürich.	True	Zürich.	True	H. Goessler & Co., A.-G	True	22, Glärnischstrasse				
Exporters										
Ackroyd Brothers (English and colonial wool, tops, noils and wastes in all qualities and descriptions) Imperial Buildings, Bradford.	True	Bradford.	True	Ackroyd Brothers						
Thomas Adams, Ltd., Nottingham, London and Manchester.	True	Manchester.	True	Thomas Adams, Ltd.			True	London		
Aktiengesellschaft vorm. B. Siegfried (drugs and chemicals), Zofingen.	True	Zofingen.							True	drugs and chemicals
Chas. Clay & Sons, Ltd. (export of Manchester piece goods), 53, Cheapside, Luton, Beds.			True	Chas. Clay & Sons, Ltd.	True	53, Cheapside	True	Manchester	True	export of Manchester piece goods
Donzelot & Co., (all kinds of tools, also for watchmaking and precision work), 6, Rue du Marché, Porrentruy.	True	Porrentruy.	True	Donzelot & Co.					True	all kinds of tools, also for watchmaking and precision work
F. Fankhauser & Co., A. G. (silk yarns, pure and artificial, al kinds), 5, Pelikanweg, Basle.	True	Basle.	True	F. Fankhauser & Co., A. G					True	silk yarns, pure and artificial, al kinds
A. Field & Co. (all kinds of goods), 12, Tiefenhöfe, Zürich.	True	Zürich.	True	A. Field & Co.	True	12, Tiefenhöfe			True	all kinds of goods
M. E. Hausheer (exporter and buying agent for overseas firms 14, Freigutstrasse, Zurich.	True	Zurich.			True	14, Freigutstrasse				
J. Hopf & Co. (spun silk, silk noils, artificial silk, artificial spun silk and wastes of every description), 12, Aeschengraben, Basle.	True	Basle.	True	J. Hopf & Co.	True	12, Aeschengraben			True	spun silk, silk noils, artificial silk, artificial spun silk and wastes of every description
Ed. A. Keller & Co., S. A. (textiles and sundries), 33, Bahnhof¬ strasse, Zurich.	True	Zurich.	True	Ed. A. Keller & Co.	True	33, Bahnhof¬ strasse			True	textiles and sundries
Langley London (general), 161, Borough High Street, London S. E.					True	161, Borough High Street	True	London	True	general
W. Marti (general), 2, Place des Orphelins, Berne.	True	Berne.							True	general
Philippi & Hermann (ribbons, silk and cotton textiles), Basle.	True	Basle.							True	ribbons, silk and cotton textiles
Planta & Co., P. O. B. 450, Alexandria (Egypt.).			True	Planta & Co.			True	Alexandria		
Plantin & Co. (electrie apparatus, wholesale), 22, Ruelle St. François, Lausanne.	True	Lausanne.	True	Plantin & Co.	True	22, Ruelle St. François			True	electrie apparatus, wholesale
James Ramsden, Ltd. (textile goods of all descriptions), St. Paul's Street, Leeds.	True	Leeds.	True	James Ramsden, Ltd.					True	textile goods of all descriptions
Reinhart & Co. (Egyptian cotton), 7, rue Adib, Alexandria (Egypt.).			True	Reinhart & Co.			True	Alexandria	True	Egyptian cotton
Ernst Stocker & Co. (Foodstuffs and agricultural products), 57, Bahnhofstrasse, Zurich.	True	Zurich.	True	Ernst Stocker & Co.	True	57, Bahnhofstrasse			True	Foodstuffs and agricultural products
Volkart Brothers (all kinds of Swiss manufactured goods exported to India), Winterthur.	True	Winterthur.	True	Volkart Brothers					True	all kinds of Swiss manufactured goods exported to India
E. Young (general export merchant and goods for Eastern markets), c/o The British Chamber of Commerce for Switzer¬ land, Lausanne.	True	Lausanne.							True	general export merchant and goods for Eastern markets
E. Zollinger & Co. (textiles and sundries to British Indies), 34, Dreikönigstrasse, Zurich.	True	Zurich.	True	E. Zollinger & Co.	True	34, Dreikönigstrasse			True	textiles and sundries to British Indies
THE COUNCIL IN 1923										
OFFICERS OF THE CHAMBER										
Hon. President: Sir Milne CHEETHAM, K. C. M. G., H. B. M. Minister. Berne.	True	Berne.								
Hon. Vice-President: A. RICHARDSON, Esq.										
President: FALCONER EVANS CROWE, Esq., Basle.	True	Basle.								
Vice-Presidents:										
MAURICE GALLAND, Esq., Lausanne.	True	Lausanne.								
A. S. HANMER, Esq., Lucerne.	True	Lucerne.								
Hon. Treasurer: F. C. HOARE, Esq., Manager, Lloyds & National Provincial Foreign Bank, Ltd. Geneva.	True	Geneva.								
Council:										
D. BARNETT, Esq., Geneva.	True	Geneva.								
L. H. BONNAIRE, Esq., Bienne.										
F. GOODBEHERE, Esq., Basle.	True	Basle.								
T. EDGAR HARLEY, Esq., Lucerne.	True	Lucerne.								
J. R. HEYwooD, Esq., Zurich.	True	Zurich.								
R. HIBBERT, Esq. Basle.	True	Basle.								
W. E. RANDLES, Esq., Olten.	True	Olten.								
E. Russo, Esq., Zurich.	True	Zurich.								
TRADE INDEX										
Classified List of the Members of the British Chamber of Commerce for Switzerland										
Acetylene Manufacturers										
Sauerstoff- & Wasserstoff-Werk A.-G. sincl. dissolved acetylene) Lucerne.	True	Lucerne.								
Advertisement (Metal Plaque) Manufacturers										
Barringer, Wallis & Manners, Ltd., Mansfield, Nottinghamshire.			True	Barringer, Wallis & Manners, Ltd.						
African Market										
L. W. J. Deuss (all kinds of cheap goods), 6, Physikstr., Zürich.	True	Zürich.							True	all kinds of cheap goods
Agents (Commission)										
E. Bachelut, Riehen, Basle.	True	Basle.								
D. Barnett (general), 15, Rue du Malagnou, Geneva.	True	Geneva.			True	15, Rue du Malagnou			True	general
De Brunner & Lang-Sims, Savoy Mansions, 18, Savoy Street, London, W. C. 2.					True	18, Savoy Street				
Gattiker & Steinmann (dry goods), Richterswil.	True	Richterswil.							True	dry goods
Goodbehere Brothers (machinery), 82, Birsigstrasse, Basle.	True	Basle.	True	Goodbehere Brothers	True	82, Birsigstrasse			True	machinery
T. Edgar Harley, 3, Seehofstrasse, Lucerne.	True	Lucerne.								
J. Rupert Heywood (textiles), 79, Bahnhofstrasse, Zürich.	True	Zürich.			True	79, Bahnhofstrasse	True	Heywood	True	textiles
Howes, Williams & Co., Ltd. ribbons), 3/5, Monkwell Street, London W. C. 2.			True	Howes, Williams & Co., Ltd.	True	3/5, Monkwell Street	True	London		
F. M. Huébel-Baudry (Jamaica rum & Scotch whisky), 6, Route de Florissant, Geneva.	True	Geneva.							True	Jamaica rum & Scotch whisky
Jan & Cie. (cycles), 10, Terreaux, Lausanne.	True	Lausanne.			True	10, Terreaux			True	cycles
W. Marti, 2, Place des Orphelins, Berne.	True	Berne.								
Merkle & Co. (cotton), 35, Rittergasse, Basle.	True	Basle.	True	Merkle & Co.	True	35, Rittergasse			True	cotton
Fr. Schenkel-Wyss (raw and semi-finished material for the metal trade, boot & shoe manufacturers' sundries, arabol bottom filling, leather board), 60, Huttenstrasse, Zürich.	True	Zürich.			True	60, Huttenstrasse			True	raw and semi-finished material for the metal trade, boot & shoe manufacturers' sundries, arabol bottom filling, leather board
Max Schlatter & Cie. (textiles), St. Gallen.									True	textiles
G. P. Skipworth (general engineering machinery and supplies, steel etc.), 1, Gutenbergstrasse, Berne.	True	Berne.							True	general engineering machinery and supplies, steel etc.
W. A. Wallinger (general), 5, Avenue Gaspard Valette, Geneva.	True	Geneva.							True	general
Lucien Wyler (woollen and cotton piece goods), 39, München¬ steinerstrasse, Basle.	True	Basle.							True	woollen and cotton piece goods
Express Companies										
Dominion Express Co. of Canada, 62/65, Charing Cross, Trafalgar Square, London S. W. 1.			True	Dominion Express Co.	True	62/65, Charing Cross	True	London		
Extracts (chemical)										
J. R. Geigy S. A., Basle.	True	Basle.	True	J. R. Geigy S. A.						
Fabrics for Furnishing										
Sandreuter & Co., Marktplatz, Basel.	True	Basel.	True	Sandreuter & Co.						
Factory Fittings										
Georges Michoud, Place Grand St. Jean, Lausanne.	True	Lausanne.								
Fans (Machine)										
Sulzer Frères S. A., Winterthur.	True	Winterthur.	True	Sulzer Frères S. A.						
Fats (industrial and edible)										
C. Mc. Intyre Brown, Case Postale rue du Rhône 1698, Geneva.	True	Geneva.								
Fertilizers (Chemical)										
The Cattle Food Supply Co. Ltd. (organic and inorganic), 12, Longue Rue Neuve, Antwerp.			True	The Cattle Food Supply Co. Ltd.	True	12, Longue Rue Neuve			True	organic and inorganic
File Manufacturers										
Usines Métallurgiques de Vallorbe, Vallorbe.										
Finishers										
Altherr & Guex, Flawil.	True	Flawil.								
Färbereien Schetty, A.-G., Basle.	True	Basle.	True	Färbereien Schetty, A.-G						
Fire Engine Manufacturers										
Fabrique d'Automobiles "Berna" S. A., Olten.	True	Olten.								
Fire Insurance Company										
The Northern Assurance Co., Ltd., 1, Moorgate, London E. C. 2.			True	The Northern Assurance Co., Ltd.			True	London		
Fish Hooks										
Richard Hemming & Son, Forge Mills, Redditch.	True	Redditch.								
Fitters and Erectors of Machinery										
"Calorie" S. A., 5/7, Rue de l'Est, Geneva.	True	Geneva.	True	"Calorie" S. A.	True	5/7, Rue de l'Est				
Foods (Patent Milk)										
Nestlé & Anglo-Swiss Condensed Milk Co., Vevey.	True	Vevey.	True	Nestlé & Anglo-Swiss Condensed Milk Co.						
Forwarding and Freight Agents										
Basle Warehouse Company, Ltd., 1, Erlenstrasse, Basle.	True	Basle.	True	Basle Warehouse Company, Ltd.			True	Basle		
Canadian National Railways, 2/4, Rue Edouard VII, Paris IXme.					True	2/4, Rue Edouard VII				
Schweizerische Schleppschiffahrtsgenossenschaft . 18, 32, 34, 40										
Schwob Frères & Co., S. A.			True	Schwob Frères & Co.						
Stähli & Co.			True	Stähli & Co.						
Still (W. M.) & Sons, Ltd.			True	Still (W. M.) & Sons, Ltd.						
Stocker (Ernst) & Co.			True	Stocker (Ernst) & Co.						
Taylor (Stephen)										
22, Tea Planters, Ltd.			True	22, Tea Planters, Ltd.	True	22, Tea Planters				
Thomann, Arbenz & Co.			True	Thomann, Arbenz & Co.						
Thorens (Hermann 19, 24, 27, 28										
11, 36 & Co., Lid. Thornton (G. W.			True	11, 36 & Co.						
Thornton (W.										
Tootal Broadhurst Lee Co., Ltd.			True	Tootal Broadhurst Lee Co., Ltd.						
Trüdinger & Cons., Ltd.			True	Trüdinger & Cons., Ltd.						
Union Bank of Switzerland										
15, 19, 24 Union Co., Ltd.			True	15, 19, 24 Union Co., Ltd.						
13, 29 Usines de l'Allondon										
17, 19, 37 Usines Métallurgiques de Vallorbe										
30, 39, 41 Venesta, Ltd.			True	30, 39, 41 Venesta, Ltd.						
Véron (J.) Grauer & Co.			True	Véron (J.) Grauer & Co.						
Vischer & Co.			True	Vischer & Co.						
Vischer vorm. Paravicini, A. G.			True	Vischer vorm. Paravicini, A. G						
9. 10. Volkart Brothers			True	9. 10. Volkart Brothers						
Wallinger (W. A.)										
Weith (J. G.) 4, 10, 13, 19, 20										
Weitnauer (Ernst) & Co.			True	Weitnauer (Ernst) & Co.						
Welti (Henry										
Winandy & Co. 9, 30, 38			True	Winandy & Co.						
Winkler, Fallert & Co., S. A.			True	Winkler, Fallert & Co.						
Wirth & Co. 11			True	Wirth & Co.						
Winterbottom Book Cloth Co., Ltd. 23.			True	Winterbottom Book Cloth Co., Ltd.						
31, 34 World Transport Agency, Ltd.										
Wyler (Lucien)										
16 Young (C. E.)										
Zollinger (E.) & Co. 15, 16, 38			True	Zollinger (E.) & Co.						
15, 19, Zürcher Bros. & Co.			True	15, 19, Zürcher Bros. & Co.						
11, 15, 19, 25, Zuberbühler & Co., A. G.			True	11, 15, 19, 25, Zuberbühler & Co.	True	25, Zuberbühler & Co.				
Embroidery Manufacturers										
(Space does not permit of full details being inserted. The term "fancy goods" covers, flouncings, edgings, insertions, galloons, plumetis, collars, aprons and handkerchiefs. Lingerie under separate heading.										
Albrecht, Tobler & Co., S. A. (fancy and piece goods, princi¬ pally white), St. Gall.			True	Albrecht, Tobler & Co.					True	fancy and piece goods, princi¬ pally white
Arbon Embroidery Works, Ltd., (fancy and piece goods), Arbon.			True	Arbon Embroidery Works, Ltd.					True	fancy and piece goods
Bächtold & Co., Wiesenthal, Herisau.	True	Herisau.	True	Bächtold & Co.						
Blanc & Berlinger (fancy goods), Speicher, Appenzell.									True	fancy goods
Bücheler & Co. (fancy goods and general), Wiesenthal, Herisau.	True	Herisau.	True	Bücheler & Co.					True	fancy goods and general
Max Herz, 24, Vadianstrasse, St. Gall.					True	24, Vadianstrasse				
V. Keel & Co., Ltd., 5, Frohngartenstrasse, St. Gall.			True	V. Keel & Co., Ltd.						
Walter Mather & Co., Ltd., Peakes Place Cotton Works, Bolton.	True	Bolton.	True	Walter Mather & Co., Ltd.						
Neuburger & Co. (fancy goods), St. Gall.			True	Neuburger & Co.					True	fancy goods
Obrist & Co. (fancy goods and general), St. Gall.			True	Obrist & Co.					True	fancy goods and general
Walter Preisig & Co., Teufen, St. Gall.			True	Walter Preisig & Co.						
Reichenbach & Co., St. Gall.			True	Reichenbach & Co.						
Union Co., Ltd. (fancy and piece goods), St. Gall.			True	Union Co., Ltd.					True	fancy and piece goods
Wirth & Co., Bühler, St. Gall.			True	Wirth & Co.						
E. Zollinger & Co., 34, Dreikönigstrasse, Zurich.	True	Zurich.	True	E. Zollinger & Co.	True	34, Dreikönigstrasse				
Zuberbühler & Cie., A. G. (fancy goods, hand and machine piece goods), Zurzach.			True	Zuberbühler & Cie., A. G					True	fancy goods, hand and machine piece goods
Zürcher Bros & Co., Teufen, St. Gall.			True	Zürcher Bros & Co.						
Embroidery Merchants										
Rod. Brenner & Co., Basle.	True	Basle.	True	Rod. Brenner & Co.						
Sedgley & Lighting, Ltd., 33, Bowling Green Street, Leicester.	True	Leicester.	True	Sedgley & Lighting, Ltd.	True	33, Bowling Green Street				
Enamel Paint and Varnish										
Blundell, Spence & Co., Ltd. (manufacturers), Hull.	True	Hull.	True	Blundell, Spence & Co., Ltd.					True	manufacturers
Jenson & Nicholson, Ltd. (manufacturers), Goswell Works, Strat¬ ford, London E. 15.			True	Jenson & Nicholson, Ltd.			True	London	True	manufacturers
T. Edgar Harley (importer), 3, Sechofstrasse, Lucerne.	True	Lucerne.							True	importer
Engineers (manufacturing)										
"Calorie" S. A., 5/7 Rue de l'Est, Geneva.	True	Geneva.	True	"Calorie" S. A.						
Schindler & Co., Lucerne.	True	Lucerne.	True	Schindler & Co.						
Sulzer Frères S. A., Winterthur.	True	Winterthur.	True	Sulzer Frères S. A.						
Engines (aeroplane, light)										
The British Cycle & Motor Cycle Manufacturers' and Traders' Union Ltd. The Towers, Warwick Road, Coventry.	True	Coventry.					True	Warwick		
A LARGE SELECTION OF IN ANY DESIRED QUALITY IS OFFERED BY SIGG LID, FRAUENFELD SWITZERLAND MAKERS OF THE WORLD-RENOWNED BRAND: Se) S) This trade mark is a guarantee that only pure Swiss aluminium is used and that full value is obtained for the moderate prices charged.										
8 DEPOTS AT: LONDON: 469, Holloway Road. PARIS: 95, Boulevard Magenta X. ROTTERDAM: 50-52 Anna Paulownastraat. BRUXELLES: 62-64, Rue Edw. van Cauwenbergh. Aleardo Aleardi 2. MILAN:										
ALUMINIUM SHEETS COPPER STRIPS BRASS CIRCLES BRONZE RODS GERMAN SILVER WIRES COINS, COIN-BLANKS / METALS FOR COINS										
View of works with Lake Thun and the Alpe SWISS METI WORKS SELVE & C0 TEL. ADDR. AGENTS METALWORKS THUN THUN EVERYWHERE SWITZERLAND METALS FOR MUNITIONS ALUMINIUM NAKED with and without steel core CABLES COPPER BRONZE							True	Thun		
Walter Schutz (all kinds of apparatus, wholesale), 10, Avenue Louis Ruchonnet, Lausanne.	True	Lausanne.			True	10, Avenue Louis Ruchonnet			True	all kinds of apparatus, wholesale
Electric Chandeliers & Cords										
D. Barnett, 15, Rue de Malagnou, Geneva.	True	Geneva.			True	15, Rue de Malagnou				
Electrical Insulating Materials										
W. E. Hughes & Co., 50—51, Lime Street, London E. C. 3.			True	W. E. Hughes & Co.	True	50—51, Lime Street	True	London		
Electric Lamp Diffusors										
Albert Scheidegger & Co., Gas Mantle Factory (ordinary and daylight diffusors), 82—84, Güterstrasse, Basle.	True	Basle.	True	Albert Scheidegger & Co.	True	82—84, Güterstrasse			True	ordinary and daylight diffusors
Electric Machinery										
A. G. Brown Boveri & Co. (electric apparatus of all kinds). Baden (Aargau).			True	A. G. Brown Boveri & Co.			True	Baden		
Electric Meters										
Société Genevoise d'Instruments de Physique, 8, Rue des Vieux Grenadiers, Geneva.	True	Geneva.								
Electric Meter Jewels										
Swiss Jewel Co., S. A., Locarno.			True	Swiss Jewel Co., S. A.						
Electric Motors										
Walter Schutz, 10, Avenue Louis Ruchonnet, Lausanne.	True	Lausanne.			True	10, Avenue Louis Ruchonnet				
Electro-Plate										
Mappin & Webb, Ltd., Galerie St. François, Lausanne.	True	Lausanne.	True	Mappin & Webb, Ltd.						
Electrical Stampings										
W. E. Hughes & Co. (for rotors and stators), 50—51, Lime Street, London E. C. 3.			True	W. E. Hughes & Co.	True	50—51, Lime Street	True	London	True	for rotors and stators
Electric Welding										
Quasi-Arc Co., Ltd., 15, Grosvenor Road, Victoria, London S.W. 1. and 22, Gellertstrasse, Basle.	True	Basle.	True	Quasi-Arc Co., Ltd.	True	15, Grosvenor Road	True	London		
Electrodes for Electric Welding										
Quasi-Arc Co., Ltd., 15, Grosvenor Road, Victoria, London S.W. 1. and 22, Gellertstrasse, Basle.	True	Basle.	True	Quasi-Arc Co., Ltd.	True	15, Grosvenor Road	True	London		
Electrolysers										
Sauerstoff- und Wasserstoffwerk, A. G. (system "Pechkranz"). Lucerne.	True	Lucerne.								
Electro-Metal Manufacturers										
Schindler & Co., Lucerne.	True	Lucerne.	True	Schindler & Co.						
										
										
Reichenb:										
nhar										
Rinderknecht (J.)										
o A.-G										
										
										
										
Quasi Arc Co., Ltd. 14, 25, 31, 44			True	Quasi Arc Co., Ltd.						
Säuberlin & Pfeiffer, S. A. 6, 25, 41										
Sandoz Chemical Co., Ltd.			True	Sandoz Chemical Co., Ltd.						
Sandreuter & Co. 22, 26			True	Sandreuter & Co.						
Sarasin (Rodolphe) & Co., Ltd.			True	Sarasin (Rodolphe) & Co., Ltd.						
Sarasin (W.) & Co.			True	Sarasin (W.) & Co.						
Sarasin Söhne, A. G.			True	Sarasin Söhne, A. G						
Sauerstoff- und Wasserstoffwerk A. G. 14. 19										
Sauer (Adolphe) S. A.										
Sauter (Fritz) A. G. 6, 9.			True	Sauter (Fritz) A. G						
Savonnerie -Sunlight»										
Sedgley & Lighting Ltd. 15, 21, 24, 32, 35, 38			True	Sedgley & Lighting Ltd.						
Seiler & Co.			True	Seiler & Co.						
Selve & Co., Swiss Metal Works			True	Selve & Co.						
Semon (Charles) & Co., Ltd.			True	Semon (Charles) & Co., Ltd.						
Senn & Co.			True	Senn & Co.						
Siegfried (B) Aktiengesellschaft vorm. 7, 13										
Siegrist (Gebrüder) & Co.			True	Siegrist (Gebrüder) & Co.						
Sigg Ltd.			True	Sigg Ltd.						
Simonius, Vischer & Co. 4			True	Simonius, Vischer & Co.						
Skipworth (G. P. 3, 22, 26										
Soc. An. des Aciéries ci-dev. Georges Fischer 11, 26, 37, 41										
Société de la Feuille d'Avis de Lausanne et des Imprimeries Réunies» S. A.							True	Lausanne		
Société des Hoteliers de Lausanne-Ouchy										
Société Genevoise d'Instruments de Physique 14, 21, 22, 26										
Société Industrielle pour la Schappe										
4, 7. Society of Chemical Industry in Basle. 13.	True	Basle.								
29, 31, South Eastern & Chatham Railway										
Spencer (George), Moulton & Co., Ltd. 27. 33, 36.			True	Spencer (George), Moulton & Co.					True	George
Spyk (G. van)										
Suchard, S. A. 7.5										
Sulzer Frères S. A. 6, 7, 9, 12, 13, 15, 16, 17, 18, 20, 21, 23, 26. 30, 31, 32, 37			True	Sulzer Frères S. A.						
Swiss Bank Corporation										
Swiss Gas Stove Co. & "Electra"			True	Swiss Gas Stove Co.						
Swiss Hotel-Proprietors' Association										
Swiss lewel Co., S. A. 12, 14, 23, 28			True	Swiss lewel Co.						
Swiss Silk Bolting Cloth Manufacturing Co., Ltd. 6, 35			True	Swiss Silk Bolting Cloth Manufacturing Co.						
Scheidegger (Albert) & Co. 14			True	Scheidegger (Albert) & Co.						
Schenkel-Wyss (F.) 3, 4, 21, 26, 27, 28, 32, 33, 36, 37										
Schetty (Färbereien) A. G. 13			True	Schetty (Färbereien) A. G						
Schindler & Co. 11, 14, 15, 25, 26			True	Schindler & Co.						
Schlatter (Max) & Co. 3.			True	Schlatter (Max) & Co.						
Scholl's Orthopädische Spezialitäten, A. G. für										
Schutz (Walter)										
Schweiter, Ltd.			True	Schweiter, Ltd.						
Schweizerische Rückversicherungsgesellschaft										
Aluminium (Manufacturers)										
R. V. Neher, A. G. (in foil, sheets, ribbons, wire, rounds and cables), Emmishofen.			True	R. V. Neher, A. G					True	in foil, sheets, ribbons, wire, rounds and cables
Aluminium goods (Manufacturers)										
E. Pfaendler & Co. (Cooking and household utensils), Industrie Quartier, Olten.	True	Olten.	True	E. Pfaendler & Co.					True	Cooking and household utensils
Sigg, Ltd., Frauenfeld.			True	Sigg, Ltd.						
Swiss Metal Works Selve & Co., Thun.	True	Thun.	True	Swiss Metal Works Selve & Co.						
Alkaloid Manufacturers										
Usines de l'Allondon, La Plaine, Geneva.	True	Geneva.								
Ambulance (motor) Manufacturers										
Fabrique d'Automobiles, "Berna", S. A., Olten.	True	Olten.								
Aniline Colour Manufacturers										
Chemische Fabrik vorm. Sandoz, Basle.	True	Basle.								
Clayton Aniline Co., Ltd., Ashton New Road, Clayton, Manchester			True	Clayton Aniline Co., Ltd.			True	Manchester		
J. R. Geigy, A. G., Basle.	True	Basle.	True	J. R. Geigy, A. G						
Sandoz Chemical Co., Ltd., Craven Bank Chambers, Market Street, Bradford.	True	Bradford.	True	Sandoz Chemical Co., Ltd.						
Society of Chemical Industry in Basle, Basle.	True	Basle.								
Argon Manufacturers										
Sauerstoff- und Wasserstoff-Werk A.-G., Lucerne.	True	Lucerne.								
Art Leader Cloth										
Fr. Schenkel-Wyss, 60, Huttenstrasse, Zurich.	True	Zurich.			True	60, Huttenstrasse				
Art Needlework										
J. G. Weith, 27, Bourg, Lausanne.	True	Lausanne.			True	27, Bourg				
Artificial Silk										
J. Hopf & Co. (Artificial Silk Yarns of every description, single and twisted, raw and dyed, Wastes), Basle.	True	Basle.	True	J. Hopf & Co.					True	Artificial Silk Yarns of every description, single and twisted, raw and dyed, Wastes
Auto-Chemical-Welding Compounds for Cast Iron etc.										
Laboratoires Castolin, Wassermann & Co., 12, Avenue Fraisse Lausanne.	True	Lausanne.	True	Laboratoires Castolin, Wassermann & Co.						
Bananas (West Indian)										
Stephen Taylor, 85, Sihlquai, Zurich.	True	Zurich.			True	85, Sihlquai				
Bandage Cloths										
Fr. Schenkel-Wyss, 60, Huttenstrasse, Zurich.	True	Zurich.			True	60, Huttenstrasse				
Bankers										
Julius Baer & Co., 48, Bahnhofstrasse, Zurich.	True	Zurich.	True	Julius Baer & Co.	True	48, Bahnhofstrasse				
Bank, A.-G. Guyerzeller, 1, Bahnhofstrasse, Zurich.	True	Zurich.								
Corset Manufacturers										
Chappell, Allen & Co., Ltd., "Patriotic" Corset Works, Victoria Avenue, Redfield, Bristol.	True	Bristol.	True	Chappell, Allen & Co., Ltd.						
Cosmetics										
Dœtsch, Grether & Co., A.-G. (Manufacturers & Dealers in), 9, Spitalstrasse, Basle.	True	Basle.	True	Dœtsch, Grether & Co.					True	Manufacturers & Dealers in
Cotton Doublers										
The Fine Cotton Spinners' and Doublers' Association, Ltd. (Single and two-fold cotton yarns), 6 St. James's Square, Manchester.	True	Manchester.							True	Single and two-fold cotton yarns
Greenhalgh & Shaw Ltd., Halliwell Mills, Bolton.	True	Bolton.	True	Greenhalgh & Shaw Ltd.						
A. Greg & Co., Ltd. (speciality: fancy yarns), Albert Mills, South Reddish, Stockport.	True	Stockport.	True	A. Greg & Co., Ltd.					True	speciality: fancy yarns
Cotton (Raw) Shippers and Merchants										
Geering & Co., Basle.	True	Basle.	True	Geering & Co.						
Merkle & Co. (American, Egyptian and East Indian), 35, Ritter¬ gasse, Basle.	True	Basle.	True	Merkle & Co.	True	35, Ritter¬ gasse			True	American, Egyptian and East Indian
Reinhart & Co., 7, rue Adib, Alexandria (Egypt).			True	Reinhart & Co.			True	Alexandria		
Volkart Brothers (East Indian cotton), Winterthur.	True	Winterthur.	True	Volkart Brothers					True	East Indian cotton
Cotton Goods										
Grieder & Co. (Printed, Batiks, export) Paradeplatz, Zurich.	True	Zurich.	True	Grieder & Co.						
Thomann, Arbenz & Co., 2, Werdmühleplatz Zurich.	True	Zurich.	True	Thomann, Arbenz & Co.						
J. G. Weith, 27, Bourg, Lausanne.	True	Lausanne.			True	27, Bourg				
Cotton Merchants										
S. M. Bulley & Son, 3, Old Hall Street, Liverpool.	True	Liverpool.								
Cotton Piece Goods Manufacturers										
Thomas Adams, Ltd. (all classes) Nottingham and Moseley Street. Manchester.	True	Manchester.	True	Thomas Adams, Ltd.			True	Nottingham		
Albrecht, Tobler & Co., S. A. (Embroidered), 61, Leonhardstrasse, St. Gall.			True	Albrecht, Tobler & Co.	True	61, Leonhardstrasse			True	Embroidered
Arbon Embroidery Works Ltd., (Embroidered) Arbon.			True	Arbon Embroidery Works Ltd.						
Bächtold & Co. (Embroidered), Wiesenthal, Herisau.	True	Herisau.	True	Bächtold & Co.					True	Embroidered
Louis Behrens & Sons, (Greys, whites, dyed and fancy), 131, Portland Street, Manchester.	True	Manchester.			True	131, Portland Street			True	Greys, whites, dyed and fancy
Bücheler & Co. (Embroidered), Herisau.	True	Herisau.	True	Bücheler & Co.					True	Embroidered
C. F. Burditt & Co. (Cambrics etc.), 22, Lloyd Street, Manchester.	True	Manchester.	True	C. F. Burditt & Co.	True	22, Lloyd Street			True	Cambrics etc.
Calico Printers Association Ltd. (all classes and printed) St. James's Buildings, Oxford Street, Manchester.	True	Manchester.	True	Calico Printers Association Ltd.						
Church Street Manufacturing Co., Ltd. (Cambrics etc.), Welling¬ ton Mill, Great Harwood.			True	Church Street Manufacturing Co.					True	Cambrics etc.
J. Crossley & Co., Ltd. (manufacturers & merchants), 12, Gart¬ side Street, Manchester.	True	Manchester.	True	J. Crossley & Co., Ltd.	True	12, Gart¬ side Street			True	manufacturers & merchants
R. W. Dickinson (cambrics etc.) Bridgewater House, 58, Whitworth Street, Manchester.	True	Manchester.			True	58, Whitworth Street				
Richard Haworth & Co., Ltd. (all classes), 35, Dale Street, Man¬ chester.			True	Richard Haworth & Co., Ltd.	True	35, Dale Street			True	all classes
A. & S. Henry & Co., Ltd. (Linings & Umbrella Cloth), Bradford.	True	Bradford.	True	A. & S. Henry & Co., Ltd.					True	Linings & Umbrella Cloth
James Livesey Ltd. (all classes) Ewood Mills, Blackburn.	True	Blackburn.	True	James Livesey Ltd.						
Walter Mather & Co., Ltd. (cambrics etc.) Peakes Place Cotton Works, Bolton.	True	Bolton.	True	Walter Mather & Co., Ltd.						
Reichenbach & Co. (all classes), St. Gall.			True	Reichenbach & Co.					True	all classes
Charles Semon & Co., Ltd. (manufacturers & merchants, all Brad¬ ford and Manchester goods), 25, Bolton Road, Bradford.	True	Bradford.	True	Charles Semon & Co., Ltd.	True	25, Bolton Road	True	Bolton	True	manufacturers & merchants, all Brad¬ ford and Manchester goods
G. W. Thornton & Co., Ltd. (manufacturers & merchants), 5, Black¬ friars Street, Salford, Manchester.	True	Manchester.	True	G. W. Thornton & Co., Ltd.					True	manufacturers & merchants
Tootal Broadhurst Lee Co., Ltd. (all classes, white and fast-dye goods), 56, Oxford Street, Manchester.	True	Manchester.	True	Tootal Broadhurst Lee Co., Ltd.	True	56, Oxford Street			True	all classes, white and fast-dye goods
Wirth & Co. (Embroidered) Bühler/St. Gall.			True	Wirth & Co.						
Zuberbühler & Co., S. A. (Embroidered) Zurzach.			True	Zuberbühler & Co.						
Cotton Spinners										
Greenhalgh & Shaw, Ltd. (Halliwell Mills, Bolton.	True	Bolton.	True	Greenhalgh & Shaw, Ltd.						
R. Greg & Co., Ltd. (speciality: fancy yarns), Albert Mills, South Reddish, Stockport.	True	Stockport.	True	R. Greg & Co., Ltd.					True	speciality: fancy yarns
Croal Spinning Co. (1920) Ltd. (spinners of Egyptian combed yarns) Bolton, Lancs.			True	Croal Spinning Co. (1920) Ltd.						
The Fine Cotton Spinners' and Doublers' Association Ltd. (single and two-fold cotton yarns), 6, St. James's Square, Manchester.	True	Manchester.							True	single and two-fold cotton yarns
Marland Spinning Co., Ltd., Rochdale, Lancs.			True	Marland Spinning Co., Ltd.						
G. W. Thornton & Co., Ltd., 5, Blackfriars Street, Manchester.	True	Manchester.	True	G. W. Thornton & Co., Ltd.						
Couplings (automatic)										
Société Anonyme des Aciéries ci-devant Georges Fischer, Schaff¬ house.										
Cranes										
Schindler & Co., Lucerne.	True	Lucerne.	True	Schindler & Co.						
Curtain Manufacturers										
Thomas Adams, Ltd., Nottingham.	True	Nottingham.	True	Thomas Adams, Ltd.						
A. F. Pape, 2, Lothringerstrasse, Basle.	True	Basle.								
Customs Agents										
Basle Warchouse Co., Ltd., 1, Erlenstrasse, Basle.	True	Basle.	True	Basle Warchouse Co., Ltd.			True	Basle		
Crowe & Co., Ltd., 9, Langegasse, Basle.	True	Basle.	True	Crowe & Co., Ltd.						
Goth & Co., 45, Elisabethenstrasse, Basle.	True	Basle.	True	Goth & Co.	True	45, Elisabethenstrasse				
Perrin & Cie., Place de la Gare, Lausanne.	True	Lausanne.	True	Perrin & Cie						
Banque Fédérale, Vevey.	True	Vevey.								
Barclays Bank Ltd. (Foreign Branch), 170, Fenchurch Street, London E. C. 3.			True	Barclays Bank Ltd.	True	170, Fenchurch Street	True	London	True	Foreign Branch
Comptoir d'Escompte de Genève, Geneva.	True	Geneva.								
Thos. Cook & Son, Lucerne, Lausanne, Zurich, Geneva, Lugano, Montreux, Interlaken.										
Dominion Express Co. of Canada, 62, Charing Cross, London S. W.			True	Dominion Express Co.	True	62, Charing Cross	True	London		
Galland & Co., 3, Place St. François, Lausanne and at Zermatt.			True	Galland & Co.			True	Lausanne		
Lloyds & National Provincial Foreign Bank Ltd., 1, Place Bel-Air, Geneva.	True	Geneva.								
J. Rinderknecht, 13, Baerengasse, Zurich.	True	Zurich.			True	13, Baerengasse				
Swiss Bank Corporation, 1, Aeschenvorstadt, Basle.	True	Basle.								
Swiss Bank Corporation, Lausanne.	True	Lausanne.								
Union Bank of Switzerland, Zurich.	True	Zurich.								
Barristers										
E. & E. M. Bircher, 2, Werdmühleplatz, Zurich.	True	Zurich.								
Herren & Guerchet, 10, Rue Petitot, Geneva.	True	Geneva.			True	10, Rue Petitot				
L. Kohler, 11, St. Pierre, Lausanne.	True	Lausanne.			True	11, St. Pierre				
Belting Manufacturers										
Georges Michoud (all kinds), Lausanne.	True	Lausanne.							True	all kinds
Bicycles										
Birmingham Small Arms Co., Ltd. (Cycle fittings and specialities), 27, Pall Mall, London S. W. 1.			True	Birmingham Small Arms Co., Ltd.	True	27, Pall Mall	True	London	True	Cycle fittings and specialities
British Cycle & Motor Cycle Manufacturers' and Traders' Union Ltd. (Components and Accessories) The Towers, Warwick Road, Coventry.	True	Coventry.					True	Warwick		
Manufacture Générale de Cycles S. A. (Cycle Accessories) 34, Rue de la Synagogue, Geneva.	True	Geneva.			True	34, Rue de la Synagogue				
Mead Cycle Co. Inc., 50, George Street, Balsall Heath, Birmingham.	True	Birmingham.	True	Mead Cycle Co.	True	50, George Street				
Blackplates										
W. E. Hughes & Co., 50 & 51, Lime Street, London E. C. 3.			True	W. E. Hughes & Co.	True	51, Lime Street	True	London		
Bleachers										
Altherr & Guex, Flawil.	True	Flawil.								
Bleachers' Association Ltd. (Cotton piece goods and yarns), 4, Norfolk Street, Manchester.	True	Manchester.	True	Bleachers' Association Ltd.					True	Cotton piece goods and yarns
Blouse Manufacturers										
Arbon Embroidery Works Ltd., Arbon.			True	Arbon Embroidery Works Ltd.						
Grieder & Co., Zurich.	True	Zurich.	True	Grieder & Co.						
Zuberbühler & Co., A.-G., Zurzach.			True	Zuberbühler & Co., A.-G						
H. de Groot, "Maison Albion", 22, Rue de Bourg, Lausanne.	True	Lausanne.			True	22, Rue de Bourg				
Gattiker & Steinmann (wholesale), Richterswil.	True	Richterswil.							True	wholesale
A. & S. Henry & Co., Ltd. (wholesale), Leeds Road, Bradford.	True	Bradford.	True	A. & S. Henry & Co., Ltd.			True	Leeds	True	wholesale
Higgins, Eagle & Co., Ltd. (wholesale), 4—6, Cannon Street, London E. C. 4.			True	Higgins, Eagle & Co., Ltd.	True	4—6, Cannon Street	True	London	True	wholesale
J. G. Weith, 27 Bourg, Lausanne.	True	Lausanne.								
Dressing Bag Manufacturers										
Mappin & Webb, Ltd., Galerie St. François, Lausanne.	True	Lausanne.	True	Mappin & Webb, Ltd.						
Drug Manufacturers										
Aktiengesellschaft vorm. B. Siegfried, Zofingen.	True	Zofingen.								
Chemische Fabrik vorm. Sandoz, Basle.	True	Basle.								
Hoffmann-La Roche & Cie., Basle.	True	Basle.	True	Hoffmann-La Roche & Cie						
Usines de l'Allondon, La Plaine, Geneva.	True	Geneva.								
Drying Plants										
"Calorie", S. A., 5—7, Rue de l'Est, Geneva.	True	Geneva.	True	"Calorie", S. A.	True	5—7, Rue de l'Est				
Sulzer Frères, S. A., Winterthur.	True	Winterthur.	True	Sulzer Frères, S. A.						
Dyestuff Manufacturers										
British Dyestuffs Corporation, Ltd., 17, Kingsway, London W. C. 2.					True	17, Kingsway	True	London		
Chemische Fabrik vorm. Sandoz, Basle.	True	Basle.								
Clayton Aniline Co., Ltd., Ashton New Road, Clayton, Manchester.	True	Manchester.	True	Clayton Aniline Co., Ltd.						
Durand & Huguenin, S. A., Basle.	True	Basle.	True	Durand & Huguenin, S. A.						
J. R. Geigy, S. A., Basle.	True	Basle.	True	J. R. Geigy, S. A.						
Society of Chemical Industry in Basle, Basle.	True	Basle.								
Dyers										
Färberei & Appreturgesellschaft A. Clavel & F. Lindenmeyer, 22, Gärtnerstrasse, Basle.	True	Basle.			True	22, Gärtnerstrasse				
Färbereien Schetty, A. G. (silks, pure spun and artificial, cotton and ribbons), Basle.	True	Basle.	True	Färbereien Schetty, A. G					True	silks, pure spun and artificial, cotton and ribbons
Hüssy & Co., A. G. (mercerised and non-mercerised cotton goods), Safenwil (Aargau.)			True	Hüssy & Co., A. G					True	mercerised and non-mercerised cotton goods
Johannes Meyer & Co. (skein silks), 152, Limmatstrasse, Zürich.	True	Zürich.	True	Johannes Meyer & Co.	True	152, Limmatstrasse			True	skein silks
Elastics (manufacturers)										
G. Kappeler (in cotton and silk), Zofingen.	True	Zofingen.							True	in cotton and silk
Electrical apparatus										
Plantin & Cie. (export and import), 22, Ruelle St. François, Lausanne.	True	Lausanne.			True	22, Ruelle St. François			True	export and import
Swiss Gas Stove Co., Solothurn, and "Electra", Electric Heating and Cooking apparatus Co. (all kinds of heating and cooking apparatus), Wädenswil.			True	Swiss Gas Stove Co.					True	all kinds of heating and cooking apparatus
Cartage Contractors										
Perrin & Co., Place de la Gare, Lausanne.	True	Lausanne.	True	Perrin & Co.						
Castings										
Sulzer Frères, S. A., Winterthur.	True	Winterthur.	True	Sulzer Frères, S. A.						
Caterers										
Huguenin, Gattiker & Co., A.-G., 39, Bahnhofstrasse, Zurich.	True	Zurich.	True	Huguenin, Gattiker & Co., A.-G	True	39, Bahnhofstrasse				
Cattle Feeding Stuffs										
The Cattle Food Supply Co., Ltd. (oilcake, hay, straw, etc.), 12, Longue Rue Neuve, Antwerp.			True	The Cattle Food Supply Co., Ltd.	True	12, Longue Rue Neuve			True	oilcake, hay, straw, etc.
Celluloid Articles (manufacturers)										
Basle Celluloid Manufactures, Ltd. (specialities: combs and high¬ class hair ornaments), Therwil/ Basle.	True	Basle.	True	Basle Celluloid Manufactures, Ltd.			True	Basle	True	specialities: combs and high¬ class hair ornaments
Chambers of Commerce										
London Chamber of Commerce, 1, 2 & 3, Oxford Court, Can¬ non Street, London E. C. 4.							True	London		
Cheese Manufacturers										
Alpina Cheese Co., Ltd. (in boxes), Burgdorf.	True	Burgdorf.	True	Alpina Cheese Co., Ltd.					True	in boxes
Chemical Manufacturers										
Aktiengesellschaft vorm. B. Siegfried (synthetics), Zofingen.	True	Zofingen.							True	synthetics
Chemical Works Flora (for perfume trade, confectionery etc., insecticide), Dübendorf, Zurich.	True	Zurich.							True	for perfume trade, confectionery etc., insecticide
Chemische Fabrik vorm. Sandoz (dyestuffs), Basle.	True	Basle.							True	dyestuffs
Clayton Aniline Co., Ltd. (dyestuffs), Ashton New Road, Clay¬ ton, Manchester.	True	Manchester.	True	Clayton Aniline Co., Ltd.					True	dyestuffs
Durand & Huguenin, A.-G. (pharmaceutical), Basle.	True	Basle.							True	pharmaceutical
Herbert Green & Co., Ltd. (alcohol, ethyl, fusel oil) Ruskin Chambers, Scale Lane, Hull.	True	Hull.	True	Herbert Green & Co., Ltd.						
Hoffmann-La Roche & Co. (pharmaceutical), Basle.	True	Basle.	True	Hoffmann-La Roche & Co.					True	pharmaceutical
Th. Mühlethaler, S. A. (synthetic), Nyon.									True	synthetic
Society of Chemical Industry in Basle (dyestuffs), Basle.	True	Basle.					True	Basle	True	dyestuffs
Usines de l'Allondon (synthetic) La Plaine, Geneva.	True	Geneva.								
Chocolate Manufacturers										
Chocolats de Villars, S. A., Fribourg.			True	Chocolats de Villars, S. A.						
Nestlé & Anglo-Swiss Condensed Milk Co., Vevey.	True	Vevey.	True	Nestlé & Anglo-Swiss Condensed Milk Co.						
Peter, Cailler, Kohler, La Tour-de-Peilz.										
Suchard, S. A., Neuchätel.			True	Suchard, S. A.						
Chronographs										
Audemars, Piguet & Co., Ltd., Les Brassus.			True	Audemars, Piguet & Co., Ltd.						
Ulysse Nardin, Le Locle and Geneva.	True	Geneva.								
Boiler Manufacturers										
"Calorie" S. A., 5/7, Rue de l'Est, Geneva.	True	Geneva.	True	"Calorie" S. A.	True	5/7, Rue de l'Est				
Sulzer Frères S. A., Winterthur.	True	Winterthur.	True	Sulzer Frères S. A.						
Boilers (Electric)										
Fritz Sauter A.-G., Basle.	True	Basle.	True	Fritz Sauter A.-G						
Bolting Cloth Manufacturers										
Swiss Silk Bolting Cloth Manufacturing Co. Ltd., Zurich.	True	Zurich.	True	Swiss Silk Bolting Cloth Manufacturing Co.						
Swiss Silk Bolting Cloth Manufacturing Co. Ltd., St. Gallen.			True	Swiss Silk Bolting Cloth Manufacturing Co.						
Bones (Dealers in)										
G. Mc. Intyre Brown, Case Postale Rue du Rhône 1698, Geneva.	True	Geneva.								
Book-Binders										
Emil Birkhäuser & Co., 11, Elisabethenstrasse, Basle.	True	Basle.	True	Emil Birkhäuser & Co.	True	11, Elisabethenstrasse				
Säuberlin & Pfeiffer S. A., Vevey.	True	Vevey.	True	Säuberlin & Pfeiffer S. A.						
Book Cloth Manufacturers										
Winterbottom Book Cloth Co., Ltd., 12, Newton Street, Manchester.	True	Manchester.	True	Winterbottom Book Cloth Co., Ltd.	True	12, Newton Street				
Booksellers										
Th. Roussy (Librairie Anglaise), 8, Rue de Bourg, Lausanne.	True	Lausanne.							True	Librairie Anglaise
Booking Offices										
Cunard Steamship Co., Ltd., 5, Haldenstrasse, Lucerne.	True	Lucerne.	True	Cunard Steamship Co., Ltd.						
Galland & Co., 3, Place St. François, Lausanne.	True	Lausanne.	True	Galland & Co.						
Perrin & Co., 15, Place St. François, Lausanne.	True	Lausanne.	True	Perrin & Co.	True	15, Place St. François				
Boot and Shoe Manufacturers										
Bally Shoe Factories, Ltd., Schoenenwerd.			True	Bally Shoe Factories, Ltd.						
E. Penton & Son (agent in Switzerland: F. Schenkel-Wyss, 60, Huttenstrasse, Zurich), 1—11, Mortimer Street, London W. 1.					True	60, Huttenstrasse	True	London	True	agent in Switzerland: F. Schenkel-Wyss, 60, Huttenstrasse, Zurich
Box Manufacturers										
Barringer, Wallis & Manners, Ltd., Mansfield, Nottinghamshire.			True	Barringer, Wallis & Manners, Ltd.						
Braid Manufacturers										
G. Kappeler (in cotton and silk), Zofingen.	True	Zofingen.							True	in cotton and silk
Brazing and Welding Compounds										
Laboratoires Castolin, Wassermann & Co. (auto-chemical for cast iron etc.), 12, Avenue Fraisse, Lausanne.	True	Lausanne.	True	Laboratoires Castolin, Wassermann & Co.	True	12, Avenue Fraisse			True	auto-chemical for cast iron etc.
Calculating Machines										
H. W. Egli, S. A., 2, Albisstrasse, Zurich.	True	Zurich.	True	H. W. Egli, S. A.						
Cardboard Articles										
Säuberlin & Pfeiffer, S. A., Vevey.	True	Vevey.	True	Säuberlin & Pfeiffer, S. A.						
Cutlery Manufacturers										
Mappin & Webb, Ltd., Galerie St. François, Lausanne.	True	Lausanne.	True	Mappin & Webb, Ltd.						
Cycles (dealers in)										
Jan & Cie., 10, Terreaux, Lausanne.	True	Lausanne.	True	Jan & Cie	True	10, Terreaux				
Cycles (manufacturers)										
Birmingham Small Arms Co., Ltd. (fittings and specialities), 27. Pall Mall, London S. W. 1.			True	Birmingham Small Arms Co., Ltd.	True	S. W. 1.	True	London	True	fittings and specialities
British Cycle & Motor Cycle Manufacturers' & Traders' Union. Ltd. (components and accessories), The Towers, Warwick Road. Coventry.	True	Coventry.					True	Warwick	True	components and accessories
Manufacture Générale de Cycles, S. A. (accessories), 34, Rue de la Synagogue, Geneva.	True	Geneva.			True	34, Rue de la Synagogue			True	accessories
Mead Cycle Co., Inc., 50, George Street, Balsall Heath, Bir¬ mingham.			True	Mead Cycle Co.	True	50, George Street				
Debt Collectors										
Herren & Guerchet, 10, Rue Petitot, Geneva.	True	Geneva.			True	10, Rue Petitot				
L. Kohler, 11, St. Pierre, Lausanne.	True	Lausanne.			True	11, St. Pierre				
Decorated Tin and Metal Boxes										
Barringer, Wallis & Manners, Ltd., Mansfield, Nottinghamshire			True	Barringer, Wallis & Manners, Ltd.						
Dental Instruments and Appliances										
Koelliker & Co., S. A., 5, Gerbergasse, Zurich.	True	Zurich.	True	Koelliker & Co., S. A.						
Les Fils d'Auguste Maillefer, Ballaigues (Vaud).										
Diamond Draw Dies										
Swiss Jewel Co., S. A., Locarno.			True	Swiss Jewel Co., S. A.						
Diamond Merchants										
Golay Sons & Stahl, Ltd., Geneva.	True	Geneva.	True	Golay Sons & Stahl, Ltd.						
Junod Frères, Lausanne.	True	Lausanne.	True	Junod Frères						
Diesel Engines										
Sulzer Frères, S. A., Winterthur.	True	Winterthur.	True	Sulzer Frères, S. A.						
Disinfecting apparatus										
Sulzer Frères, S. A., Winterthur.	True	Winterthur.	True	Sulzer Frères, S. A.						
Disintegrators (electric)										
Sauerstoff und Wassertoffwerk, A.-G., Lucerne.	True	Lucerne.								
Drapery Merchants										
Bigar Frères, 21, Rue du Pont, Lausanne.	True	Lausanne.	True	Bigar Frères	True	21, Rue du Pont				
Bonnard & Cie., S. A., 14, Place St. François, Lausanne.	True	Lausanne.	True	Bonnard & Cie., S. A.	True	14, Place St. François				
C. P. Coate, “Old England", Grand Pont, Lausanne.	True	Lausanne.								
Stehli & Co. (broad silks), 7, Fraumünsterstrasse, Zurich.	True	Zurich.	True	Stehli & Co.					True	broad silks
Tissage Mécanique d'Etoffes de Soie (Tie and dress goods), Winterthur.	True	Winterthur.							True	Tie and dress goods
Silk Merchants										
S. & J. Bloch Sons & Co., Zurich.	True	Zurich.	True	S. & J. Bloch Sons & Co.						
F. Fankhauser & Co., A.-G. (raw and spun silk yarns), 5, Pelikan- weg, Basle.	True	Basle.	True	F. Fankhauser & Co.					True	raw and spun silk yarns
Gautschy-Kuhn, A.-G., 20, Aeschengraben, Basle.	True	Basle.	True	Gautschy-Kuhn, A.-G	True	20, Aeschengraben				
J. Hopf & Co. (spun silk, silk noils, artificial silk, artificial spun silk and wastes of every description), 12, Aeschengraben, Basle.	True	Basle.	True	J. Hopf & Co.	True	12, Aeschengraben			True	spun silk, silk noils, artificial silk, artificial spun silk and wastes of every description
J. Marx & Co., S. A. (silk yarns, spun silk, noils, yarns and wastes) 57, Leimenstrasse, Basle.	True	Basle.	True	J. Marx & Co.	True	57, Leimenstrasse				
Philippi & Hermann, Basle.	True	Basle.								
Sandreuter & Co. (dress goods, furnishing fabrics etc.), Markt¬ platz, Basle.	True	Basle.	True	Sandreuter & Co.					True	dress goods, furnishing fabrics etc.
Sedgley & Lighting, Ltd., 33, Bowling Green Street, Leicester.	True	Leicester.	True	Sedgley & Lighting, Ltd.	True	33, Bowling Green Street				
Silk Artificial (Merchants)										
F. Fankhauser & Co., A.-G., 5, Pelikanweg, Basle.	True	Basle.	True	F. Fankhauser & Co., A.-G						
Gautschy-Kuhn, A.-G. (yarns), 20, Aeschengraben, Basle.	True	Basle.			True	20, Aeschengraben			True	yarns
Geering & Co. (yarns), Basle.	True	Basle.	True	Geering & Co.					True	yarns
J. Hopf & Co. (spun silk, silk noils, artificial silk, artificial spun silk and wastes of every description), 12, Aeschengraben, Basle.	True	Basle.	True	J. Hopf & Co.	True	12, Aeschengraben			True	spun silk, silk noils, artificial silk, artificial spun silk and wastes of every description
J. Marx & Co., S. A. (yarns), 57, Leimenstrasse, Basle.	True	Basle.	True	J. Marx & Co.	True	57, Leimenstrasse			True	yarns
Silks and Silk Goods										
Bonnard & Cie., S. A. (retail), 14, Place St. François, Lausanne.	True	Lausanne.	True	Bonnard & Cie., S. A.	True	14, Place St. François			True	retail
Grieder & Cie. (Printed cotton goods, (Batiks), retail and whole¬ sale, Export. Silk ties and dress silks), Paradeplatz, Zurich.	True	Zurich.							True	Printed cotton goods, (Batiks), retail and whole¬ sale, Export. Silk ties and dress silks
Silk Bolting Cloth Manufacturers										
Swiss Silk Bolting Cloth Manufacturing Co., Ltd., Zurich.	True	Zurich.	True	Swiss Silk Bolting Cloth Manufacturing Co.						
Swiss Silk Bolting Cloth Manufacturing Co., Ltd., St. Gall.			True	Swiss Silk Bolting Cloth Manufacturing Co.						
Silver Goods										
Mappin & Webb, Ltd., Galerie St. François, Lausanne.	True	Lausanne.	True	Mappin & Webb, Ltd.						
Sleeping Car Agents										
Cunard Steam Ship Co., Ltd., 5, Haldenstrasse, Lucerne.	True	Lucerne.	True	Cunard Steam Ship Co., Ltd.						
Galland & Co., 3, Place St. François, Lausanne.	True	Lausanne.	True	Galland & Co.						
Perrin & Co., 15, Place St. François, Lausanne.	True	Lausanne.	True	Perrin & Co.	True	15, Place St. François				
Soap Works										
Savonnerie "Sunlight" (Laundry and toilet) Olten.	True	Olten.								
Hosiery Yarns										
Beacon Spinning Co., Ltd., Beacon Mills, Halifax, Yorkshire.			True	Beacon Spinning Co., Ltd.						
Sedgley & Lighting, Ltd., 33, Bowling Green Street, Leicester			True	Sedgley & Lighting, Ltd.	True	33, Bowling Green Street				
Hospital Sheetings (waterproof)										
Fr. Schenkel-Wyss, 60, Huttenstrasse, Zurich.	True	Zurich.			True	60, Huttenstrasse				
Hot Water Supply Plants										
"Calorie" S. A., 5—7, Rue de l'Est, Geneva.	True	Geneva.	True	"Calorie" S. A.	True	5—7, Rue de l'Est				
Wm. Still & Sons, Ltd., 29—31, Charles Street, Hatton Garden. London.	True	London.	True	Wm. Still & Sons, Ltd.	True	29—31, Charles Street				
Sulzer Frères S. A., Winterthur.	True	Winterthur.	True	Sulzer Frères S. A.						
Hotel Management										
Pro Lemano, Grand Chêne, Lausanne.	True	Lausanne.								
Société des Hôteliers de Lausanne-Ouchy, Lausanne.	True	Lausanne.								
Swiss Hotel-Proprietors' Association, 10, Leonhardstrasse, Basle.	True	Basle.			True	10, Leonhardstrasse				
Hotels										
Hotel du Golf et des Sports, Montana.										
Grand Hotel & Hotel des Alpes, Montreux-Territet.										
Hotel Schweizerhof (O. Hauser), Lucerne.	True	Lucerne.							True	O. Hauser
Hotel Seiler, Zermatt.										
Hotel St. Gotthard, Zurich.	True	Zurich.								
Montfleuri Private Hotel (leading family hotel, inclusive terms from 10 francs per day), Lausanne.	True	Lausanne.							True	leading family hotel, inclusive terms from 10 francs per day
Hotels (utensils and apparatus for)										
Wm. Still & Sons, Ltd., 29—31, Charles Street, Hatton Garden, London.	True	London.	True	Wm. Still & Sons, Ltd.	True	29—31, Charles Street				
House and Estate Agents										
Galland & Co., 3. Place St. François, Lausanne.	True	Lausanne.	True	Galland & Co.						
Humidifying Plants										
"Calorie" S. A., 5—7, Rue de l'Est, Geneva.	True	Geneva.	True	"Calorie" S. A.	True	5—7, Rue de l'Est				
Sulzer Frères S. A., Winterthur.	True	Winterthur.	True	Sulzer Frères S. A.						
Ice Machines										
Société Genevoise d'Instruments de Physique, 8, Rue des Vieux Grenadiers, Geneva.	True	Geneva.								
Sulzer Frères S. A., Winterthur.	True	Winterthur.	True	Sulzer Frères S. A.						
Importers										
Ackroyd Brothers (wool, wool waste etc.), Imperial Buildings, Bradford.	True	Bradford.	True	Ackroyd Brothers					True	wool, wool waste etc.
WINKLER, FALLERT a GIE S. A. BERNE Manufacturers of Printing Machinery The IINKLER Casting Machine for rotary stereo plates is lhe vensation of the Newo- paper Printing World .										
The WINKLER Moulding and Drying Press is provided with a palented device lo prevent the lype from being injured .. The WINKLER Flat Stereo Plant producea stereos quitable sor fine acreen mulli-colour printinq.. Represented in LONDON by W. J. LIGHT & Co., Ltd. 36/38, Whitefriars Street Kreis ap; C°, Prinfers			True	ucea stereos quitable sor fine acreen mulli-colour printinq.. Represented in LONDON by W. J. LIGHT & Co.						
119ss1 Basle Petersgraben 21 Telephone 15 14							True	Basle		
1se1ase1 71175										
All kinds of printed matter tastefully and promptly executed susste iststsesssittitiiititIIITTIII Specialify: Printing of Bonds, Shares and Illustrations										
BORN 1820										
STILL GOING STRONG										
DEMANDEZ UN JOHNNIE WALKER SCOTCH WHISKY THE RECORD DREADNOUGHT WATCH CO., 170 controls ihree of the largest modern SWISS WATCH FACTORIES										
LA CHAUX-DE-FONDS TRAMELAN and SAIGNELÉGIER Ask your wholesaler for a sample range, or write to us for a catalogue illustrating our wide range in ALL STYLES OF RELIABLE LEVER WATCHES Head Office: GENEVE, 25 Rue du Rhône CASE RIVE										
Adr. tel.: RECORD										
Hat Leather Manufacturers										
Dean & Co. (Stockport), Ltd., Cheadle Heath Works, Stockport (England).			True	Dean & Co. (Stockport), Ltd.			True	Stockport	True	Stockport
Haulage Plant										
A. G. Brown, Boveri & Co., Baden (Switzerland).			True	A. G. Brown, Boveri & Co.			True	Baden		
Heating Plant										
"Calorie" S. A., 5/7, Rue de l'Est, Geneva.	True	Geneva.	True	"Calorie" S. A.	True	5/7, Rue de l'Est				
Sulzer Frères S. A., Winterthur.	True	Winterthur.	True	Sulzer Frères S. A.						
Heel (Wooden) Manufacturers										
Bally Shoe Factories, Ltd., Schönenwerd.			True	Bally Shoe Factories, Ltd.						
Hides (Dealers in)										
British Tanners, Ltd., 67, Dale Street, Liverpool.	True	Liverpool.	True	British Tanners, Ltd.	True	67, Dale Street				
C. Mc. Intyre Brown, Case Postale, rue du Rhône 1698, Geneva.	True	Geneva.								
Hoofs and Horns										
C. Mc. Intyre Brown, Case Postale, rue du Rhône 1698, Geneva.	True	Geneva.								
Hosepipe und Belting Machinery										
Robert Hall & Sons (Bury), Ltd., Bury (England).			True	Robert Hall & Sons (Bury), Ltd.			True	Bury	True	Bury
Hosiery Goods (agents)										
J. Rupert Heywood. 79, Bahnhofstrasse, Zurich.	True	Zurich.			True	79, Bahnhofstrasse				
Hosiery Manufacturers										
Buser & Keiser & Co., Laufenburg.			True	Buser & Keiser & Co.						
Devaud, Kunstlé & Cie., S. A., 5, Rue du Prince, Geneva.	True	Geneva.	True	Devaud, Kunstlé & Cie., S. A.						
Hanro Knitting Works, Handschin & Ronus, Ltd., Liestal.										
Arthur Kemp (mens' and boys' stockings and sport hose, socks, sweaters), Dover Street, Leicester.	True	Leicester.							True	mens' and boys' stockings and sport hose, socks, sweaters
Ruegger & Co. (cotton and lisle), Zofingen.	True	Zofingen.	True	Ruegger & Co.					True	cotton and lisle
Hosiery Merchants										
Thomas Adams, Ltd., Nottingham.	True	Nottingham.	True	Thomas Adams, Ltd.						
Ernest Adler, 14, Rue de la Croix d'Or, Geneva.	True	Geneva.			True	14, Rue de la Croix d'Or				
Beacon Spinning Co., Ltd., Beacon Mills, Halifax, Yorkshire.			True	Beacon Spinning Co., Ltd.						
Bonnard & Cie., S. A., Lausanne.	True	Lausanne.	True	Bonnard & Cie., S. A.						
C. P. Coate, "Old England", 1, Grand Pont, Lausanne.	True	Lausanne.								
H. de Groot, "Maison Albion", 22. Rue de Bourg, Lausanne.	True	Lausanne.								
Grieder & Co., Paradeplatz, Zurich.	True	Zurich.	True	Grieder & Co.						
J. G. Weith, 27, Bourg, Lausanne.	True	Lausanne.			True	27, Bourg				
School Agents										
Anglo-Swiss Educational Agency, 3, Place St. François, Lausanne.	True	Lausanne.								
Screws, Screw Drills, Screw Dies (for Watches and Clocks										
Plantin & Cie. (electric apparatus, wholesale), 22, Ruelle St. François, Lausanne.	True	Lausanne.			True	22, Ruelle St. François			True	electric apparatus, wholesale
Shipping Agents										
Basle Warehouse Co., Ltd., 1, Erlenstrasse, Basle.	True	Basle.	True	Basle Warehouse Co., Ltd.			True	Basle		
Crowe & Co., Ltd., 9, Langegasse, Basle.	True	Basle.	True	Crowe & Co., Ltd.						
Danzas & Co., A.-G., Basle.	True	Basle.	True	Danzas & Co., A.-G						
Dominion Express Company of Canada, 62—65, Charing Cross, Trafalgar Square, London S. W. 1.					True	62—65, Charing Cross	True	London		
Goth & Co., 45, Elisabethenstrasse, Basle.	True	Basle.	True	Goth & Co.	True	45, Elisabethenstrasse				
Charles ImObersteg & Co., 30, Aeschengraben, Basle.	True	Basle.	True	Charles ImObersteg & Co.	True	30, Aeschengraben				
Jacky, Mæder & Co., Basle.	True	Basle.	True	Jacky, Mæder & Co.						
Lep Transport & Depository, Ltd., 4, Sunlight Wharf, 37, Upper Thames Street, London E. C.			True	Lep Transport & Depository, Ltd.	True	37, Upper Thames Street	True	London		
Perrin & Cie., Place de la Gare, Lausanne.	True	Lausanne.	True	Perrin & Cie						
Schweiz. Schleppschiffahrtsgenossenschaft, 16, Blumenrain, Basle.	True	Basle.			True	16, Blumenrain				
South Eastern and Chatham Railway, 9, Centralbahnplatz, Basle.	True	Basle.								
World Transport Agency, Ltd., 21, Great Tower Street, London E. C. and Hochstrasse, Basle.	True	Basle.	True	World Transport Agency, Ltd.	True	21, Great Tower Street	True	London		
Ships Machinery										
A. G. Brown Boveri & Co., Baden, Switzerland.			True	A. G. Brown Boveri & Co.						
Escher, Wyss & Co., A.-G., Zurich.	True	Zurich.	True	Escher, Wyss & Co., A.-G						
Sidecars (Manufacturers)										
British Cycle and Motor Cycle Manufacturers' and Traders' Union, Ltd., The Towers, Warwick Street, Coventry.	True	Coventry.					True	Warwick		
Silks (Manufacturers of)										
A.-G. vorm. Baumann älter & Co., 25, Thalstrasse, Zurich.	True	Zurich.	True	A.-G. vorm. Baumann älter & Co.	True	25, Thalstrasse				
Appenzeller, Keller & Co. (tie and dress goods), 21, Fraumünster strasse, Zurich.	True	Zurich.	True	Appenzeller, Keller & Co.	True	21, Fraumünster strasse			True	tie and dress goods
S. & J. Bloch Sons & Co., Zurich.	True	Zurich.	True	S. & J. Bloch Sons & Co.						
Buser & Keiser & Co. (milanese silk), Laufenburg.			True	Buser & Keiser & Co.					True	milanese silk
Industrie-Gesellschaft für Schappe [Société Industrielle pour la Schappel (Trade Mark S. I. S.) (Schappe and spun silks and Tussah yarns), Basle.	True	Basle.							True	Trade Mark S. I. S.) (Schappe and spun silks and Tussah yarns
Max Schlatter & Co. (Tie and dress goods), St. Gall.			True	Max Schlatter & Co.					True	Tie and dress goods
R. Schwarzenbach & Co. (Dress goods), Zurich.	True	Zurich.	True	R. Schwarzenbach & Co.					True	Dress goods
Seidenwarenfabrik vorm. E. Næf, A.-G. (Tie and dress goods), Zurich.	True	Zurich.							True	Tie and dress goods
1872 SWISS BANK CORPORATION SCHWEIZERISCHER BANKVEREIN SOCIÉTÉ DE BANQUE SUISSE SOCIETÄ DI BANCA SVIZZERA Basle, Zurich, Geneva, St. Gall, Lausanne, La Chaux-de-Fonds, Neuchätel, Schaffhouse, Bienne, Chiasso, Herisau, Le Locle, Nyon, Zofingue Aigle, Bischofszell, Morges, Rorschach London City Office: 99, Gresham Street, E.C.2 West End Branch: 11 c, Regent Street, S.W. 1 New York 5 15, Nassau Street Capital and reserves Swiss Fr. 209000000 We are particularly well placed to give efficient service to firms interested in international and especially Anglo-Swiss trade					True	99, Gresham Street	True	York		
Corresponding Members of the Board										
1. R. HAMILTON Esq.										
										
										
										
										
Zürich							True	Zürich		
										
BRITANNICA Basle 33.28 Telephone							True	Basle		
										
Thomas Adams, Ltd., Nottingham.	True	Nottingham.	True	Thomas Adams, Ltd.						
Aktiengesellschaft vorm. B. Siegfried (drugs & sundries), Zofingen.	True	Zofingen.							True	drugs & sundries
F. Fankhauser & Co., A.-G. (silk yarns, pure and artificial, all kinds). 5. Pelikanweg, Basle.	True	Basle.	True	F. Fankhauser & Co.						
A. Field & Co. fall kinds of goods), 12, Tiefenhöfe, Zurich.	True	Zurich.	True	A. Field & Co.	True	12, Tiefenhöfe				
Goodbehere Brothers (textile machinery), 82, Birsigstrasse, Basle.	True	Basle.	True	Goodbehere Brothers	True	82, Birsigstrasse			True	textile machinery
T. Edgar.Harley (machinery, motorcycles), 3, Seehofstr., Lucerne.	True	Lucerne.							True	machinery, motorcycles
Robert Hibbert (machinery), 56, Holbeinstrasse, Basle.	True	Basle.			True	56, Holbeinstrasse			True	machinery
J. Hopf & Co. (spun silk, silk noils, artificial silk, artificial spun silk and wastes of every description), 12, Aeschengraben, Basle.	True	Basle.	True	J. Hopf & Co.	True	12, Aeschengraben			True	spun silk, silk noils, artificial silk, artificial spun silk and wastes of every description
F. M. Huébel-Baudry (Jamaica Rum and Johnnie Walker Whisky), 6, Route de Florissant, Geneva.	True	Geneva.							True	Jamaica Rum and Johnnie Walker Whisky
O. Jaeger (rubber, guttapercha, pepper, tin, etc.), 30, Bahnhof¬ strasse, Zurich.	True	Zurich.			True	30, Bahnhof¬ strasse			True	rubber, guttapercha, pepper, tin, etc.
Langley London (general), 161, Borough High Street, London E. C.					True	161, Borough High Street	True	London	True	general
W. Marti (general), 2, Place des Orphelins, Berne.	True	Berne.							True	general
G. P. Skipworth (general, engineering machinery and supplies, steel, etc.), 1 Gutenbergstrasse, Berne.	True	Berne.							True	general, engineering machinery and supplies, steel, etc.
Teaplanters, Ltd., 24, Thiersteinerallee, Basle			True	Teaplanters, Ltd.	True	24, Thiersteinerallee				
Infants Food										
Nestlé & Anglo-Swiss Condensed Milk Co., Vevey.	True	Vevey.	True	Nestlé & Anglo-Swiss Condensed Milk Co.						
Information Bureaux										
Herren & Guerchet, 10, Rue Jean Petitot, Geneva.	True	Geneva.			True	10, Rue Jean Petitot				
Louis Kohler, 11, St. Pierre, Lausanne.	True	Lausanne.			True	11, St. Pierre				
Pro Lemano (general information office for French Switzerland Grand Chêne, Lausanne.	True	Lausanne.								
Inks (writing)										
Mabie, Todd & Co., 89, Bahnhofstrasse, Zürich.	True	Zürich.	True	Mabie, Todd & Co.	True	89, Bahnhofstrasse				
Inlaid Linoleum (dealers in)										
Sandreuter & Co., Marktplatz, Basle.	True	Basle.	True	Sandreuter & Co.						
Instruments (scientific)										
Henry Baer & Co. (for testing textile machinery), 12, Elisabethen¬ strasse, Zurich.	True	Zurich.	True	Henry Baer & Co.	True	12, Elisabethen¬ strasse			True	for testing textile machinery
Société Genevoise d'lnstruments de Physique, 8, Rue des Vieux Grenadiers, Geneva.	True	Geneva.								
Insulating Materials										
Beck Frères, 23, Avenue de la Gare, Lausanne.	True	Lausanne.	True	Beck Frères	True	23, Avenue de la Gare				
Insurance Agents and Brokers										
Basle Warehouse Co., Ltd., 1, Erlenstrasse, Basle.	True	Basle.	True	Basle Warehouse Co., Ltd.			True	Basle		
Soldering, Brazing and Welding Compounds										
Laboratoires Castolin, Wassermann & Co. (Auto-chemical for cast iron etc.) 12, Avenue Fraisse, Lausanne.	True	Lausanne.	True	Laboratoires Castolin, Wassermann & Co.	True	12, Avenue Fraisse				
Solicitors										
E. & E. M. Bircher, 2, Werdmühleplatz, Zurich.	True	Zurich.								
Herren & Guerchet, 10, Rue Petitot, Geneva.	True	Geneva.			True	10, Rue Petitot				
L. Kohler, 11, St. Pierre, Lausanne.	True	Lausanne.			True	11, St. Pierre				
Solid Rubber Tyre Manufacturers										
Chas. Macintosh & Co., Ltd., Cambridge Street, Manchester.	True	Manchester.	True	Chas. Macintosh & Co., Ltd.			True	Cambridge		
George Spencer, Moulton & Co., Ltd., 2/3, Central Buildings, London W 1.			True	George Spencer, Moulton & Co.	True	2/3, Central Buildings	True	London		
Speedometers										
Hasler A.-G., vorm. Telegraphen-Werkstätte von G. Hasler (for railways, automobiles and aeroplanes etc.), 50, Schwarztor- strasse, Berne.	True	Berne.	True	Hasler A.-G	True	50, Schwarztor- strasse			True	for railways, automobiles and aeroplanes etc.
Spinners (cotton)										
Croal Spinning Co. (1920) Ltd. (Spinners of Egyptian combed yarns), Bolton, Lancs.			True	Croal Spinning Co. (1920) Ltd.					True	1920) Ltd. (Spinners of Egyptian combed yarns
The Fine Cotton Spinners' and Doublers' Association Ltd. (single and two-fold cotton yarns), 6, St. James's Square, Manchester									True	single and two-fold cotton yarns
Greenhalgh & Shaw, Ltd., Halliwell Mills, Bolton.	True	Bolton.	True	Greenhalgh & Shaw, Ltd.						
A. Greg & Co., Ltd. (speciality: fancy yarns) Albert Mills, South Reddish, Stockport.	True	Stockport.	True	A. Greg & Co., Ltd.						
Marland Spinning Co., Ltd., Rochdale, Lancs.			True	Marland Spinning Co., Ltd.						
G. W. Thornton & Co., Ltd., 5, Blackfriars Street, Salford, Man¬ chester.			True	G. W. Thornton & Co., Ltd.						
Spirits, Manufacturers of										
Erste Aktienbrennerei, 59, Margarethenstrasse, Basle.	True	Basle.			True	59, Margarethenstrasse				
Spirits (White) Manufacturers of										
Blundell, Spence & Co., Ltd., Hull.	True	Hull.	True	Blundell, Spence & Co., Ltd.						
Sports Goods										
Arthur Kemp, Dover Street, Leicester.	True	Leicester.								
J. G. Weith, 27, Bourg, Lausanne.	True	Lausanne.			True	27, Bourg				
Stainless Steel										
Fr. Schenkel-Wyss. 60, Huttenstrasse, Zurich.	True	Zurich.			True	60, Huttenstrasse				
Stationers										
D. Barnett, 15, Rue du Malagnou, Geneva.	True	Geneva.			True	15, Rue du Malagnou				
Th. Roussy, "Librairie Anglaise", 3, Rue de Bourg, Lausanne.	True	Lausanne.								
Steam Ship and Steam Ship Engines										
Sulzer Frères, S. A., Winterthur			True	Sulzer Frères, S. A.						
Steam and Waterpower Plants										
A.-G. Brown, Boveri & Co., Baden, Switzerland.			True	A.-G. Brown, Boveri & Co.						
Steel Importers										
T. Edgar Harley, 3, Seehofstrasse, Lucerne.	True	Lucerne.								
G. P. Skipworth, 1, Gutenbergstrasse, Berne.	True	Berne.								
Steel Cabinets										
Roneo, A.-G., St. Annahof, Bahnhofstrasse, Zurich.	True	Zurich.	True	Roneo, A.-G						
Steel Castings										
Société Anonyme des Aciéries ci-devant Georges Fischer, Schaff¬ hausen.										
Steel Manufacturers										
Arthur Balfour & Co., Ltd., (high speed and crucible steels), Capital Steel Works, Sheffield.	True	Sheffield.	True	Arthur Balfour & Co., Ltd.					True	high speed and crucible steels
Brown Bayley's Steel Works, Ltd. (all classes of alloy steels and stainless steel), Leeds Road, Attercliffe, Sheffield.	True	Sheffield.	True	Brown Bayley's Steel Works, Ltd.			True	Leeds	True	all classes of alloy steels and stainless steel
Thos. Firth & Sons, Ltd. (quality steels, saws, files, forgings, castings, stainless steel) Norfolk Works, Sheffield.	True	Sheffield.	True	Thos. Firth & Sons, Ltd.						
Steel Merchants										
Fr. Schenkel-Wyss, 60, Huttenstrasse, Zurich.	True	Zurich.			True	60, Huttenstrasse				
G. P. Skipworth, 1, Gutenbergstrasse, Berne.	True	Berne.								
Usines Métallurgiques de Vallorbe, Vallorbe.										
Steel Road Wheels										
Société Anonyme des Aciéries ci-devant Georges Fischer, Schaff¬ hausen.										
Steel Sheets										
W. E. Hughes & Co., 50—51, Lime Street, London E. C. 3.			True	W. E. Hughes & Co.	True	50—51, Lime Street	True	London		
Stockbrokers										
J. Rinderknecht, 13, Bärengasse, Zurich.	True	Zurich.			True	13, Bärengasse				
Superheaters										
Sulzer Frères, S. A., Winterthur.	True	Winterthur.	True	Sulzer Frères, S. A.						
Tailors										
Ernest Adler, 14, Rue de la Croix d'Or, Geneva.	True	Geneva.			True	14, Rue de la Croix d'Or				
Bonnard & Cie., S. A. (for ladies and gentlemen), 14, Place St. François, Lausanne.	True	Lausanne.	True	Bonnard & Cie., S. A.	True	14, Place St. François			True	for ladies and gentlemen
Crowe & Co., Ltd., 9, Langegasse, Basle.	True	Basle.	True	Crowe & Co., Ltd.						
Danzas & Co., A.-G., Basle.	True	Basle.	True	Danzas & Co., A.-G						
Galland & Co., 3, Place St. François, Lausanne.	True	Lausanne.	True	Galland & Co.						
Goth & Co., 45, Elisabethenstrasse, Basle.	True	Basle.	True	Goth & Co.	True	45, Elisabethenstrasse				
Perrin & Co., Place de la Gare, Lausanne.	True	Lausanne.	True	Perrin & Co.						
Reinhart & Co., 7, Rue Adib, Alexandria (Egypt).			True	Reinhart & Co.			True	Alexandria		
International Transport										
Crowe & Co., Ltd., 9, Langegasse, Basle.	True	Basle.	True	Crowe & Co., Ltd.						
Danzas & Co., A.-G., Basle.	True	Basle.	True	Danzas & Co., A.-G						
Ironmongery										
D. Barnett, 15, Rue du Malagnou, Geneva.	True	Geneva.			True	15, Rue du Malagnou				
Iron Foundries										
Gesellschaft der L. von Roll'schen Eisenwerke, Gerlafingen.										
Sulzer Frères S. A., Winterthur.	True	Winterthur.	True	Sulzer Frères S. A.						
Iron Merchants										
Carl Geissler A.-G., Spalenvorstadt, Basle.	True	Basle.	True	Carl Geissler A.-G						
Jewelry Manufacturers										
Junod Frères, 11, Place St. François, Lausanne.	True	Lausanne.	True	Junod Frères	True	11, Place St. François				
Golay Sons & Stahl, Ltd. (Enamels, etc.), 31, rue des Bergues, Geneva.	True	Geneva.	True	Golay Sons & Stahl, Ltd.					True	Enamels, etc.
Mappin & Webb, Ltd., Galerie St. François, Lausanne.	True	Lausanne.	True	Mappin & Webb, Ltd.						
Jewels (Watch and industrial)										
Swiss Jewel Co., S. A., Locarno.			True	Swiss Jewel Co., S. A.						
Knitted Goods										
Aimée Carey, 3, Jumelles, Lausanne.	True	Lausanne.								
Gautschy-Kuhn A.-G. (Sports coats, artificial silk cloth, stockinette), 20, Aeschengraben, Basle.	True	Basle.			True	20, Aeschengraben			True	Sports coats, artificial silk cloth, stockinette
Knitting Works Nabholz Co., Ltd. (Ladies', mens' & childrens in cotton, wool, silk, artificial silk, etc.), Schoenenwerd.			True	Knitting Works Nabholz Co., Ltd.					True	Ladies', mens' & childrens in cotton, wool, silk, artificial silk, etc.
Knitting Machines (Manufacturers)										
Ed. Dubied & Cie., S. A. (hand and power), Neuchätel.			True	Ed. Dubied & Cie., S. A.					True	hand and power
Knitting Yarns										
F. Fankhauser & Co., Ltd. (artificial silk knitting and embroidery yarns), 5, Pelikanweg, Basle.	True	Basle.	True	F. Fankhauser & Co., Ltd.					True	artificial silk knitting and embroidery yarns
Labels (woven)										
Gebrüder Siegrist & Co., 14, Aeschengraben, Basle.	True	Basle.	True	Gebrüder Siegrist & Co.	True	14, Aeschengraben				
Winterbotton Book Cloth Co., Ltd., 12, Newton Street, Manchester.	True	Manchester.	True	Winterbotton Book Cloth Co., Ltd.	True	12, Newton Street				
THE BRITISH CHAMBER OF COMMERCE FOR SWITZERLAND										
										
										
										
										
										
										
										
										
										
										
										
										
										
										
										
Moleskin for Bookbinders										
Fr. Schenkel-Wyss, 60, Huttenstrasse, Zurich.	True	Zurich.			True	60, Huttenstrasse				
Moleskins (Manufacturers)										
Louis Behrens & Sons, 131, Portland Street, Manchester.	True	Manchester.			True	131, Portland Street				
Motor Car Agents										
Jan & Cie., 10, Terreaux, Lausanne.	True	Lausanne.	True	Jan & Cie	True	10, Terreaux				
Motor Car Manufacturers										
Birmingham Small Arms Co., Ltd., 27, Pall Mall, London S. W. 1.			True	Birmingham Small Arms Co., Ltd.	True	27, Pall Mall	True	London		
Motor Cycle Importers										
T. Edgar Harley, 3, Seehofstrasse, Lucerne.	True	Lucerne.								
Motor Cycle Merchants										
Jan & Cie., 10, Terreaux, Lausanne.	True	Lausanne.	True	Jan & Cie	True	10, Terreaux				
Motor Cycle and Motor Cycle Engine Manufacturers										
Birmingham Small Arms Co., Ltd., 27, Pall Mall, London S. W. 1.			True	Birmingham Small Arms Co., Ltd.	True	27, Pall Mall	True	London		
British Cycle and Motor Cycle Manufacturers' & Traders Union, Ltd., The Towers, Warwick Road, Coventry.	True	Coventry.					True	Warwick		
Manufacture Générale de Cycles S. A., 34, Rue de la Synagogue, Geneva.	True	Geneva.			True	34, Rue de la Synagogue				
Mead Cycle Co., Inc., 50, George Street, Balsall Heath, Birmingham.	True	Birmingham.	True	Mead Cycle Co.	True	50, George Street				
Motosacoche S. A., Geneva.	True	Geneva.	True	Motosacoche S. A.						
Motor Lorry Manufacturers										
Fabrique d'Automobiles “Berna“ S. A., Olten.	True	Olten.								
Adolphe Saurer S. A., Arbon.			True	Adolphe Saurer S. A.						
Motor Tyre Manufacturers										
Chas. Macintosh & Co., Ltd., Cambridge Street, Manchester.	True	Manchester.	True	Chas. Macintosh & Co., Ltd.			True	Cambridge		
George Spencer, Moulton & Co., Ltd., 2/3, Central Buildings, London, W 1.			True	George Spencer, Moulton & Co.	True	2/3, Central Buildings				
Musical Boxes										
Hermann Thorens, Ste. Croix.										
Muslin Manufacturers										
C. F. Burditt & Co., 22, Lloyd Street, Manchester.	True	Manchester.	True	C. F. Burditt & Co.	True	22, Lloyd Street				
Church Street Manufacturing Co., Ltd., Wellington Mill, Great Harwood.			True	Church Street Manufacturing Co.			True	Wellington		
R. W. Dickinson, Bridgewater House, 58, Whitworth Street, Manchester.	True	Manchester.			True	58, Whitworth Street				
Walter Mather & Co., Ltd., Peakes Place Cotton Works, Bolton.	True	Bolton.	True	Walter Mather & Co., Ltd.						
Senn & Co., 17, St. Johannvorstadt, Basle.	True	Basle.	True	Senn & Co.	True	17, St. Johannvorstadt				
Trüdinger & Cons., Ltd., 10, Nauenstrasse, Basle.	True	Basle.	True	Trüdinger & Cons., Ltd.	True	10, Nauenstrasse				
Vischer & Co., 16, Rheinsprung, Basle.	True	Basle.	True	Vischer & Co.	True	16, Rheinsprung				
Vischer vorm. Paravicini, A. G., 21, Elisabethenstrasse, Basle.	True	Basle.	True	Vischer vorm. Paravicini, A. G	True	21, Elisabethenstrasse				
Ribbon Merchants										
Howes, Williams & Co., Ltd., 3—5, Monkwell Street, London E. C.2.			True	Howes, Williams & Co., Ltd.	True	3—5, Monkwell Street	True	London		
Rifles (Manufacturers)										
Birmingham Small Arms Co., Ltd. (all kinds of sporting, military, miniature and air-guns and rifles), 27, Pall Mall, London S. W.1.			True	Birmingham Small Arms Co., Ltd.	True	27, Pall Mall	True	London	True	all kinds of sporting, military, miniature and air-guns and rifles
Robes										
Zuberbühler & Co., Ltd., Zurzach.			True	Zuberbühler & Co., Ltd.						
Rubber Hose Manufacturers										
Chas. Macintosh & Co., Ltd., Cambridge Street, Manchester.	True	Manchester.	True	Chas. Macintosh & Co., Ltd.			True	Cambridge		
North British Rubber Co., Ltd., Castle Mills, Edinburgh.	True	Edinburgh.	True	North British Rubber Co., Ltd.						
George Spencer, Moulton & Co., Ltd., 2/3, Central Buildings, London W 1.			True	George Spencer, Moulton & Co.	True	2/3, Central Buildings	True	London		
Rubber Importers										
Beck Frères (wholesale rubber dealers), 23, Avenue de la Gare, Lausanne.	True	Lausanne.	True	Beck Frères	True	23, Avenue de la Gare			True	wholesale rubber dealers
O. Jæger, 30, Bahnhofstrasse, Zurich.	True	Zurich.			True	30, Bahnhofstrasse				
Rubber Manufacturers										
Hooley Hill Rubber and Chemical Co. (manufacturers of rubber soles and heels, flooring and moulded articles), Hooley Hill, Manchester.	True	Manchester.	True	Hooley Hill Rubber and Chemical Co.					True	manufacturers of rubber soles and heels, flooring and moulded articles
Chas. Macintosh & Co., Ltd. (all kinds of india rubber goods), Cambridge Street, Manchester.	True	Manchester.	True	Chas. Macintosh & Co., Ltd.			True	Cambridge	True	all kinds of india rubber goods
North British Rubber Co., Ltd., Castle Mills, Edinburgh.	True	Edinburgh.	True	North British Rubber Co., Ltd.						
George Spencer, Moulton & Co., Ltd., 2/3, Central Buildings, London W 1.			True	George Spencer, Moulton & Co.	True	2/3, Central Buildings	True	London		
Rustless Iron										
Fr. Schenkel-Wyss, 60, Huttenstrasse, Zurich.	True	Zurich.			True	60, Huttenstrasse				
Saccharin Export										
"Hermes", Ltd., P. O. Box 5392 Zurich-Enge, Zurich.	True	Zurich.	True	"Hermes", Ltd.						
Sanitary Installations										
"Calorie" S. A. 5—7, Rue de l'Est, Geneva.	True	Geneva.			True	5—7, Rue de l'Est				
Schools										
Ecole Nouvelle "La Chätaigneraie", Coppet near Geneva.	True	Geneva.								
Railway Supplies										
Brown Bayley's Steel Works, Ltd. (Tyres, Axles and Springs). Leeds Road, Sheffield.	True	Sheffield.	True	Brown Bayley's Steel Works, Ltd.			True	Leeds		
Raincoats (agents)										
J. Rupert Heywood, 79, Bahnhofstrasse, Zurich.	True	Zurich.			True	79, Bahnhofstrasse				
Rainproof Fabrics										
W. T. Cox & Co., 6, Canal Road, Bradford.	True	Bradford.	True	W. T. Cox & Co.						
Reed Makers										
James Livesey, Ltd., Ewood Mills, Blackburn			True	James Livesey, Ltd.						
Refrigerator Manufacturers										
Escher, Wyss & Co., A. G., Zurich.	True	Zurich.	True	Escher, Wyss & Co., A. G						
Société Genevoise d'Instruments de Physique, 8, Rue des Vieux Grenadiers, Geneva.	True	Geneva.								
Sulzer Frères S. A., Winterthur.	True	Winterthur.	True	Sulzer Frères S. A.						
Re-Insurance Companies										
Schweiz. Rückversicherungsgesellschaft, Zurich.	True	Zurich.								
Removal Contractors										
Perrin & Co., Place de la Gare, Lausanne.	True	Lausanne.	True	Perrin & Co.						
Resistance Wire										
Fr. Schenkel-Wyss, 60, Huttenstrasse, Zurich.	True	Zurich.			True	60, Huttenstrasse				
Rhine Navigation										
Schweiz. Schleppschiffahrtsgenossenschaft, 16, Blumenrain, Basle.	True	Basle.			True	16, Blumenrain				
Ribbons (silk)										
Bonnard & Cie., S. A. (retail), 14, Place St. François, Lausannne.			True	Bonnard & Cie., S. A.	True	14, Place St. François			True	retail
Grieder & Co. (high class millinery), Paradeplatz, Zurich.	True	Zurich.	True	Grieder & Co.					True	high class millinery
Sedgley & Lighting, Ltd., 33, Bowling Green Street, Leicester.	True	Leicester.	True	Sedgley & Lighting, Ltd.	True	33, Bowling Green Street				
Gebrüder Siegrist & Co., 14, Aeschengraben, Basle.	True	Basle.	True	Gebrüder Siegrist & Co.	True	14, Aeschengraben				
Ribbon Manufacturers										
Burckhardt & Co., 14, St. Albangraben, Basle.	True	Basle.	True	Burckhardt & Co.	True	14, St. Albangraben				
De Bary & Co., 1—3, Augustinergasse, Basle.	True	Basle.	True	De Bary & Co.	True	1—3, Augustinergasse				
Dietschy, Heusler & Co., A. G., 19, St. Johannvorstadt, Basle			True	Dietschy, Heusler & Co., A. G	True	19, St. Johannvorstadt				
Gesellschaft für Bandfabrikation, 33, St. Johannvorstadt, Basle.	True	Basle.			True	33, St. Johannvorstadt				
Sarasin Söhne A. G., 3, St. Johannvorstadt, Basle.	True	Basle.	True	Sarasin Söhne A. G						
Rodolphe Sarasin & Co., Ltd., 18, Bäumleingasse, Basel.	True	Basel.	True	Rodolphe Sarasin & Co., Ltd.	True	18, Bäumleingasse				
„W. Sarasin & Co., 93, St. Albanvorstadt, Basle.	True	Basle.	True	„W. Sarasin & Co.	True	93, St. Albanvorstadt				
Seiler & Co., A. G., 80, St. Albanvorstadt, Basle.	True	Basle.	True	Seiler & Co., A. G	True	80, St. Albanvorstadt				
Société Genevoise d'Instruments de Physique, 8, Rue des Vieux Grenadiers, Geneva.	True	Geneva.								
Sulzer Frères S. A. (all classes of heavy machinery), Winterthur			True	Sulzer Frères S. A.					True	all classes of heavy machinery
Winkler, Fallert & Co., S. A. (printing machinery, all kinds), Berne.	True	Berne.	True	Winkler, Fallert & Co.					True	printing machinery, all kinds
Machinery Merchants										
Goodbehere Brothers (textile machinery), 82, Birsigstrasse, Basle.	True	Basle.	True	Goodbehere Brothers	True	82, Birsigstrasse			True	textile machinery
Robert Hibbert (textile machinery), 56, Holbeinstrasse, Basle.	True	Basle.			True	56, Holbeinstrasse			True	textile machinery
G. P. Skipworth (importer), 1, Gutenbergstrasse, Berne.	True	Berne.							True	importer
Magnets (Brake-lifting)										
Schindler & Co., Lucerne.	True	Lucerne.	True	Schindler & Co.						
Malleable Iron Castings										
Société Anonyme des Aciéries ci-devant Georges Fischer, Schaff¬ house.										
Materials for Shoe Factory										
Fr. Schenkel-Wyss, 60, Huttenstrasse, Zurich.	True	Zurich.			True	60, Huttenstrasse				
Mattings (dealers in)										
Sandreuter & Co., Marktplatz, Basle.	True	Basle.	True	Sandreuter & Co.						
Meats and Meat Products										
C. Mc. Intyre Brown, Case Postale, Rue du Rhône 1698, Geneva.	True	Geneva.								
Mercerisers										
Altherr & Guex, Flawil.	True	Flawil.								
Greenhalgh & Shaw, Ltd., Halliwell Mills, Bolton			True	Greenhalgh & Shaw, Ltd.						
Metal Merchants										
Carl Geissler A. G., 22, Spalenvorstadt, Basle.	True	Basle.	True	Carl Geissler A. G	True	22, Spalenvorstadt				
Fr. Schenkel-Wyss, 60, Huttenstrasse, Zurich.	True	Zurich.			True	60, Huttenstrasse				
Metal Works (sheet)										
Sulzer Frères S. A., Winterthur.	True	Winterthur.	True	Sulzer Frères S. A.						
Mica (Importers of)										
Goodbehere Brothers, 82, Birsigstrasse, Basle.	True	Basle.	True	Goodbehere Brothers	True	82, Birsigstrasse				
Milk, Condensed and Preserved and Milk Preparations										
Nestlé and Anglo-Swiss Condensed Milk Co., Vevey.	True	Vevey.	True	Nestlé and Anglo-Swiss Condensed Milk Co.						
Millinery										
Chas. Clay & Sons, Ltd. (manufacturers of lining materials for millinery Goods, manufacturers and merchants of millinery Goods), 53, Cheapside, Luton, Beds.			True	Chas. Clay & Sons, Ltd.	True	53, Cheapside			True	manufacturers of lining materials for millinery Goods, manufacturers and merchants of millinery Goods
Trade and Name										
Addrens										
J. G. Hallett Food-stuffs										
Avenue de Rumine 55 Lausanne							True	Lausanne		
Howes, Williams & Co., Ltd. Ribbons			True	Howes, Williams & Co., Ltd.						
3/5, Monkwell Street London, E. C. 2					True	3/5, Monkwell Street London				
Jan & Cie Cycles										
Terreaux 10 Lausanne							True	Lausanne		
W. Marti										
Place des Orphelins 2 Berne							True	Berne		
Merkle & Cie Cotton										
Rittergasse 35 Basel							True	Basel		
Hans Muller										
Ilgenstrasse 23, St-Gall										
Philippi & Hermann Silk Ribbons and Textiles										
Basel							True	Basel		
Fr. Schenkel-Wyss Raw and semi-finished material for metal trade										
Huttenstrasse 60 Zürich							True	Zürich		
Sedgley & Lighting Ltd. Textiles			True	Sedgley & Lighting Ltd.						
Newcastle Chambers Angel Row Nottingham							True	Nottingham		
G. P Skipworth Machinery, Timber and Plywood										
Gutenbergstrasse 1 Bern							True	Bern		
The Textile Trading Co Cotton and Woollen Textiles										
Basel							True	Basel		
W. A. Wallinger General										
Place Jargonnant 3 Eaux-Vives, Genève										
C Wildberger Silk Goods										
Glärnischstrasse 35 Zürich							True	Zürich		
Lucien Wyler Woollen and Cotton piece-goods										
Avenue de la Nouvelle Gare 175 Solothurn							True	Solothurn		
ALKALOID MANUFACTURERS										
										
Rue Lombard 4 Usines de l'Allondon Genève										
ALUMINIUM MANUFACTURERS										
Basel Giuliniwerke A. G. Raw and semi-finished, calcined and Alumina sulphate			True	Basel Giuliniwerke A. G			True	Basel		
Münchenstein/Basel Rolling & Drawing Mills Ltd. Raw and semi-finished										
Doetsch, Grether & Co., A. G. (manufacturers and dealers), 9, Spitalstrasse, Basle.	True	Basle.	True	Doetsch, Grether & Co., A. G					True	manufacturers and dealers
Hoffmann-La Roche & Co., Basle.	True	Basle.	True	Hoffmann-La Roche & Co.						
Th. Mühlethaler S. A., Nyon.			True	Th. Mühlethaler S. A.						
Society of Chemical Industry in Basle, Basle.	True	Basle.								
Usines de l'Allondon, La Plaine, Geneva.	True	Geneva.								
Photographic Articles and Products										
H. F. Goshawk, 37, Bahnhofstrasse, Zurich.	True	Zurich.			True	37, Bahnhofstrasse				
Society of Chemical Industry in Basle (manufacturers of plates. films, printing papers, etc.), Basle.	True	Basle.					True	Basle	True	manufacturers of plates. films, printing papers, etc.
Photographic Frames										
Fabrique de Cadres & Baguettes S. A. (manufacturers of all kinds of frames and wooden articles), Lausanne.	True	Lausanne.							True	manufacturers of all kinds of frames and wooden articles
Pipe Lines (High Pressure)										
Sulzer Frères S. A., Winterthur.	True	Winterthur.	True	Sulzer Frères S. A.						
Plywood and Plywood Articles										
Venesta, Ltd., 1, Great Tower Street, London E. C. 2.			True	Venesta, Ltd.			True	London		
Pocket Pipe Lighters										
Hermann Thorens, Ste. Croix.										
Post Vans										
Fabrique d'Automobiles "Berna" S. A., Olten.	True	Olten.								
Precious Stones (synthetics)										
Swiss Jewel Co., S. A., Locarno.			True	Swiss Jewel Co., S. A.						
Printers										
Emil Birkhäuser & Co., 11, Elisabethenstrasse, Basle.	True	Basle.	True	Emil Birkhäuser & Co.	True	11, Elisabethenstrasse				
Imprimerie de l'Ere Nouvelle, 1, Avenue de France, Lausanne.	True	Lausanne.								
Imprimeries Réunis, S. A., 23, Avenue de la Gare, Lausanne.	True	Lausanne.	True	Imprimeries Réunis, S. A.	True	23, Avenue de la Gare				
Kreis & Co., 21, Petersgraben, Basle.	True	Basle.	True	Kreis & Co.	True	21, Petersgraben				
Säuberlein & Pfeiffer S. A., Vevey.	True	Vevey.	True	Säuberlein & Pfeiffer S. A.						
Société de la Feuille d'Avis de Lausanne et des Imprimeries "Réunies S. A., Lausanne.	True	Lausanne.					True	Lausanne		
Provision Merchants										
E. Osswald (Wholesale), 16, Kreuzplatz, Zurich.	True	Zurich.			True	16, Kreuzplatz			True	Wholesale
Winandy & Co., 16, Rue de Bourg, Lausanne.	True	Lausanne.	True	Winandy & Co.	True	16, Rue de Bourg				
Lace Curtains (Lace netting and mosquito nets)										
Thomas Adams, Ltd., Nottingham.	True	Nottingham.	True	Thomas Adams, Ltd.						
D. Barnett, 15, Rue du Malagnou, Geneva.	True	Geneva.			True	15, Rue du Malagnou				
Lace Manufacturers										
Thomas Adams, Ltd., Stoney Street, Nottingham.	True	Nottingham.	True	Thomas Adams, Ltd.						
Arbon Embroidery Works, Ltd., Arbon.			True	Arbon Embroidery Works, Ltd.						
Carl Günther, 11, Kesslerstrasse, St. Gall.					True	11, Kesslerstrasse				
V. Keel & Co., Ltd., 5, Frohngartenstrasse, St. Gall.			True	V. Keel & Co., Ltd.						
Neuburger & Co., 44, Vadianstrasse, St. Gall.			True	Neuburger & Co.	True	44, Vadianstrasse				
Reichenbach & Co., St. Gall.			True	Reichenbach & Co.						
Union Co., Ltd., St. Gall.			True	Union Co., Ltd.						
Lace Merchants										
Thomas Adams, Ltd., Stoney Street, Nottingham.	True	Nottingham.	True	Thomas Adams, Ltd.						
Sedgley & Lighting, Ltd., 33, Bowling Green Street, Leicester.	True	Leicester.	True	Sedgley & Lighting, Ltd.	True	33, Bowling Green Street				
Lamps (acetylene)										
Beck Frères, 23, Avenue de la Gare, Lausanne.	True	Lausanne.	True	Beck Frères	True	23, Avenue de la Gare				
Law Cases										
Herren & Guerchet, 10, Rue Petitot, Geneva.	True	Geneva.			True	10, Rue Petitot				
L. Kohler, 11, St. Pierre, Lausanne.	True	Lausanne.			True	11, St. Pierre				
Lawn Manufacturers										
C. F. Burditt & Co., 22, Lloyd Street, Manchester.	True	Manchester.	True	C. F. Burditt & Co.	True	22, Lloyd Street				
Leather Belting for Machinery										
Georges Michoud, 1, Place Grand St. Jean, Lausanne.	True	Lausanne.								
Leather Goods										
D. Barnett, 15, Rue du Malagnou, Geneva. Mappin & Webb, Ltd., Galerie St. François, Lausanne.	True	Lausanne.			True	15, Rue du Malagnou				
Libraries										
D. Barnett, 15, Rue du Malagnou, Geneva. Th. Roussy, "Libraire Anglaise" (English books), 3, Rue de Bourg, Lausanne.	True	Lausanne.			True	15, Rue du Malagnou			True	English books
Light Aeroplane Engines (Manufacturers)										
The British Cycle and Motor Cycle Manufacturers' & Traders' Union, Ltd., The Towers, Warwick Road, Coventry.	True	Coventry.					True	Warwick		
Lighters (automatic) Manufacturers										
Hermann Thorens, Ste. Croix.										
Lingerie (dealers in)										
Grieder & Co., Paradeplatz, Zurich.	True	Zurich.	True	Grieder & Co.						
Lingerie (Manufacturers)										
Arbon Embroidery Works, Ltd., Arbon.			True	Arbon Embroidery Works, Ltd.						
Zuberbühler & Co., Ltd., Zurzach.			True	Zuberbühler & Co., Ltd.						
Liqueurs (Manufacturers)										
Erste Aktienbrennerei, 59, Margarethenstrasse, Basle.	True	Basle.			True	59, Margarethenstrasse				
Lithographers (Manufacturing)										
Säuberlin & Pfeiffer S. A., Vevey.	True	Vevey.	True	Säuberlin & Pfeiffer S. A.						
Looms										
Robert Hall & Sons (Bury), Ltd. (hand and power), Bury (Engl.).			True	Robert Hall & Sons (Bury), Ltd.			True	Bury	True	Bury), Ltd. (hand and power
Looms (Automatic) Manufacturers										
Henry Baer & Co., 12, Elisabethenstrasse, Zurich.	True	Zurich.	True	Henry Baer & Co.	True	12, Elisabethenstrasse				
Lorraine Embroideries										
Arbon Embroidery Works, Ltd., Arbon.			True	Arbon Embroidery Works, Ltd.						
Lorry Manufacturers										
Fabrique d'Automobiles "Berna" S. A., Olten.	True	Olten.								
Adolphe Saurer S. A., Arbon.			True	Adolphe Saurer S. A.						
Machine Guns										
Birmingham Small Arms Co., Ltd., 27, Pall Mall, London S. W. 1			True	Birmingham Small Arms Co., Ltd.	True	27, Pall Mall	True	London		
Machinery										
T. Edgar Harley (wrapping machinery), 3, Seehofstrasse, Lucerne.	True	Lucerne.							True	wrapping machinery
Machinery Manufacturers										
Henry Baer & Co. stextile machinery, automatic looms, testing instruments for textile machinery, automatic cup-changing mo¬ tions), 12, Elisabethenstrasse, Zurich.	True	Zurich.	True	Henry Baer & Co.	True	12, Elisabethenstrasse				
Robert Hall & Sons (Bury), Ltd. (textile and weaving machinery), Bury (England)			True	Robert Hall & Sons (Bury), Ltd.			True	Bury	True	Bury), Ltd. (textile and weaving machinery
Landis & Gyr (electric meters), Zug.	True	Zug.							True	electric meters
Quasi-Arc Co., Ltd. (electric welding plant and electrodes), 15, Grosvenor Road, Victoria, London S. W. 1.			True	Quasi-Arc Co., Ltd.	True	15, Grosvenor Road	True	London	True	electric welding plant and electrodes
Adolphe Saurer S. A. (embroidery machines and ribbon looms). Arbon.										
Schindler & Co. (electro-motors 0.01:25 HP. and electric appa¬ ratus, lifts, goods lifts, cranes, etc.), Lucerne.	True	Lucerne.	True	Schindler & Co.					True	electro-motors 0.01:25 HP. and electric appa¬ ratus, lifts, goods lifts, cranes, etc.
Schweiter, Ltd. (all kinds of winding and preparatory machinery for textile industry), Horgen near Zurich.	True	Zurich.	True	Schweiter, Ltd.					True	all kinds of winding and preparatory machinery for textile industry
Publishers										
Pro Lemano, Grand Chêne, Lausanne.	True	Lausanne.								
Th. Roussy, "Librairie Anglaise", 3, Rue de Bourg, Lausanne.	True	Lausanne.								
Pulley Blocks (Electric and hand)										
Schindler & Co., Lucerne.	True	Lucerne.	True	Schindler & Co.						
Pumps (Centrifugal)										
Sulzer Frères S. A., Winterthur.	True	Winterthur.	True	Sulzer Frères S. A.						
Quasi-Arc-Electrodes										
Quasi-Arc Co., Ltd., 15, Grosvenor Gardens, Victoria, London S. W. 1 and 22, Gellertstrasse, Basle.	True	Basle.	True	Quasi-Arc Co., Ltd.	True	15, Grosvenor Gardens	True	London		
Rail Motor Cars										
Sulzer Frères S. A., Winterthur.	True	Winterthur.	True	Sulzer Frères S. A.						
Railway Agents										
Basle Warehouse Co., Ltd., 1, Erlenstrasse, Basle.	True	Basle.	True	Basle Warehouse Co., Ltd.			True	Basle		
Canadian National Railways, 2—4, Rue Edouard VII, Paris, 9me.					True	2—4, Rue Edouard VII				
Canadian Pacific Railway Co., 62-65, Charing Cross, London S.W.I.			True	Canadian Pacific Railway Co.	True	65, Charing Cross	True	London		
Crowe & Co., Ltd., 9, Langegasse, Basle.	True	Basle.	True	Crowe & Co., Ltd.						
Danzas & Co., A. G., Basle.	True	Basle.	True	Danzas & Co., A. G						
Dominion Express Company of Canade, 62—65, Charing Cross, London S. W. 1.					True	62—65, Charing Cross	True	London		
Galland & Co., 3, Place St. François, Lausanne.	True	Lausanne.	True	Galland & Co.						
Goth & Co. (General Agents of the Canadian Pacific Railway Co. and of the Dominion Express Co. of Canada, 45, Elisabethen¬ strasse, Basle.	True	Basle.	True	Goth & Co.	True	45, Elisabethen¬ strasse				
Charles Im Obersteg & Co., 30, Aeschengraben, Basle.	True	Basle.	True	Charles Im Obersteg & Co.	True	30, Aeschengraben				
Jacky, Maeder & Co. Basle.	True	Basle.	True	Jacky, Maeder & Co.						
Perrin & Co., Place de la Gare, Lausanne.	True	Lausanne.	True	Perrin & Co.						
South Eastern & Chatham Railway, 9, Centralbahnplatz, Basle.	True	Basle.								
World Transport Agency, 21, Great Tower Street, London E. C. and Hochstrasse, Basle.	True	Basle.			True	21, Great Tower Street	True	London		
Railway Locomotives										
Sulzer Frères S. A., Winterthur.	True	Winterthur.	True	Sulzer Frères S. A.						
Railway Rate Specialists										
Crowe & Co., Ltd., 9, Langegasse, Basle.	True	Basle.	True	Crowe & Co., Ltd.						
Railway Signal Apparatus										
Hasler A.-G., vorm. Telegraphenwerkstätte von G. Hasler, 50, Schwarztorstrasse, Berne.	True	Berne.	True	Hasler A.-G	True	50, Schwarztorstrasse				
THE COUNCIL IN 1921										
OFFICERS OF THE CHAMBER										
The Hon. THEO. RUSSELL, C.B., C. V. O., H. B. M. Minister, Berne, Hon. President										
J. PICTON BAGGE Esq., H. B. M. Commercial-Secretary, Berne, Hon. Vice-President										
FALCONER EVANS CROWE Esq., Basle, President										
MAURICE GALLAND Esq., Lausanne, Senior Vice-President										
T. EDGAR HARLEY Esq., Lucerne, Junior Vice-President										
E. W. BRISCOE Esq., (Lloyds & National Provincial Foreign Bank Ltd.), Zurich Hon. Treasurer							True	Zurich	True	Lloyds & National Provincial Foreign Bank Ltd.
Secretary-General, Head Office, Basle							True	Basle		
ALEXANDER RICHARDSON Esq.										
Hon. Secretary, Lausanne Branch							True	Lausanne		
MAURICE GALLAND Esq.										
ACTIVE MEMBERS OF THE COUNCIL										
D. BARNETT Esq., Geneva							True	Geneva		
A. HANMER Esq., Lucerne							True	Lucerne		
A. CANNING Esq., Lausanne							True	Lausanne		
R. HIBBERT Esq., Basle							True	Basle		
J. STRANG Esq., Rorschach										
CORRESPONDING MEMBERS OF THE COUNCIL.										
R. HAMILTON Esq. Lugano							True	Lugano		
J. LOMAS Esq., Territet										
