transcription	location_list_match	location_list_item	location_list_result	company_pattern_match	company_pattern_item	company_pattern_result	year	page	range_definition	goods_pattern_match	goods_pattern_item	goods_pattern_result	address_pattern_match	address_pattern_item	address_pattern_result	title_pattern_match	title_pattern_item	title_pattern_result	phone_number_pattern_match	phone_number_pattern_item	phone_number_pattern_result	address_list_match	address_list_item	address_list_result
Henry W. Peabody & Co. of London Ltd., 16, Eastcheap, London EC. 3; Phone Mansion House 2755; Telgr. Paibodies London.	True	London.	London.	True	(^.{1,30} ? (Frères|Brothers|Co\.|& Co\.,|Ltd\.|& Cie.,|S\. A\.,|A\.-G\.,|A\. G\.) ?(S. A.)?|^[A-Z]. [A-Z]. \w{1,10}|^ ?[A-Z][a-z]{1,3}\. \w{1,10}-?\w{1,10}|^\w{1,10} & \w{1,10}|^ ?[A-Z]. \w{1,10}|.{1,100} Co\.|^[A-Z][a-z]{1,10} [A-Z][a-z]{1,10},)	Henry W. Peabody & Co.	1948	92	index															
Paul Reinhart & Co. (Importers and merchants), 8. Bahnhof¬ platz, Winterthur; Phone (052) 22311; Telgr. Reinhartus, Winterthur.	True	Winterthur.	Winterthur.	True	(^.{1,30} ? (Frères|Brothers|Co\.|& Co\.,|Ltd\.|& Cie.,|S\. A\.,|A\.-G\.,|A\. G\.) ?(S. A.)?|^[A-Z]. [A-Z]. \w{1,10}|^ ?[A-Z][a-z]{1,3}\. \w{1,10}-?\w{1,10}|^\w{1,10} & \w{1,10}|^ ?[A-Z]. \w{1,10}|.{1,100} Co\.|^[A-Z][a-z]{1,10} [A-Z][a-z]{1,10},)	Paul Reinhart & Co.	1948	92	index	True	(?!\(Mr. Egli; Phone 44.461, Basle\)|\(Vaud\)|\(Grands Magasins Innovation S.A.\)|\(St. Gall\)|\((Grands Magasins Innovation, S.A.)\)|\(agent\)|\(Egypt\)|\(J. Baumgartner\)|\(O. Hauser\)|\(Ch. Mayer, Prop.\)|\(Stockport\)|\(Switzerland\)|\(Burg\)|\(Continental\)|\(1920\)|\(Bury\)|\(England\))\(.{1,150}\),? ?	(Importers and merchants), 8. Bahnhof¬ platz, Winterthur; Phone (052)	True	([0-9]{1,4}(,|\.) [A-Z].{1,15}(sprung|quai|berg|rain|vorstadt|weg|allee|gasse|graben|strasse|platz| Street| Road)|[0-9]{1,4}(,|\.)? (rue de la|Route des|Route de|Boulevard de|Charing|Via|Pall|Avenue de|Rue|Rue de|Grand|Rue du|rue|St.|Avenue|Place|Avenue de la|Rue de la|Ruelle) [A-Z].{1,15},|[A-Z][a-z]{1,10} (E.| W. S.) [0-9]{1,3})	8. Bahnhof¬ platz									
Rogivue & Co. Ltd. (Importers of tea and other foodstuffs wholesale), 2, avenue Bellefontaine, Lausanne; Phone (021) 234 73.				True	(^.{1,30} ? (Frères|Brothers|Co\.|& Co\.,|Ltd\.|& Cie.,|S\. A\.,|A\.-G\.,|A\. G\.) ?(S. A.)?|^[A-Z]. [A-Z]. \w{1,10}|^ ?[A-Z][a-z]{1,3}\. \w{1,10}-?\w{1,10}|^\w{1,10} & \w{1,10}|^ ?[A-Z]. \w{1,10}|.{1,100} Co\.|^[A-Z][a-z]{1,10} [A-Z][a-z]{1,10},)	Rogivue & Co. Ltd.	1948	92	index	True	(?!\(Mr. Egli; Phone 44.461, Basle\)|\(Vaud\)|\(Grands Magasins Innovation S.A.\)|\(St. Gall\)|\((Grands Magasins Innovation, S.A.)\)|\(agent\)|\(Egypt\)|\(J. Baumgartner\)|\(O. Hauser\)|\(Ch. Mayer, Prop.\)|\(Stockport\)|\(Switzerland\)|\(Burg\)|\(Continental\)|\(1920\)|\(Bury\)|\(England\))\(.{1,150}\),? ?	(Importers of tea and other foodstuffs wholesale), 2, avenue Bellefontaine, Lausanne; Phone (021)												
W. Simon, formerly A. & F. Simon (wholesale and retail dealers in colonial products), 287, Hardturmstrasse, Zurich; Phone (051) 25 2705.				True	(^.{1,30} ? (Frères|Brothers|Co\.|& Co\.,|Ltd\.|& Cie.,|S\. A\.,|A\.-G\.,|A\. G\.) ?(S. A.)?|^[A-Z]. [A-Z]. \w{1,10}|^ ?[A-Z][a-z]{1,3}\. \w{1,10}-?\w{1,10}|^\w{1,10} & \w{1,10}|^ ?[A-Z]. \w{1,10}|.{1,100} Co\.|^[A-Z][a-z]{1,10} [A-Z][a-z]{1,10},)	W. Simon	1948	92	index	True	(?!\(Mr. Egli; Phone 44.461, Basle\)|\(Vaud\)|\(Grands Magasins Innovation S.A.\)|\(St. Gall\)|\((Grands Magasins Innovation, S.A.)\)|\(agent\)|\(Egypt\)|\(J. Baumgartner\)|\(O. Hauser\)|\(Ch. Mayer, Prop.\)|\(Stockport\)|\(Switzerland\)|\(Burg\)|\(Continental\)|\(1920\)|\(Bury\)|\(England\))\(.{1,150}\),? ?	(wholesale and retail dealers in colonial products), 287, Hardturmstrasse, Zurich; Phone (051)	True	([0-9]{1,4}(,|\.) [A-Z].{1,15}(sprung|quai|berg|rain|vorstadt|weg|allee|gasse|graben|strasse|platz| Street| Road)|[0-9]{1,4}(,|\.)? (rue de la|Route des|Route de|Boulevard de|Charing|Via|Pall|Avenue de|Rue|Rue de|Grand|Rue du|rue|St.|Avenue|Place|Avenue de la|Rue de la|Ruelle) [A-Z].{1,15},|[A-Z][a-z]{1,10} (E.| W. S.) [0-9]{1,3})	287, Hardturmstrasse									
Trullas & Co. Ltd. (Fruit and vegetables), 12, rue de Zurich, Geneva; Phone (022) 2 6379; Telgr. Trullas, Geneva.	True	Geneva.	Geneva.	True	(^.{1,30} ? (Frères|Brothers|Co\.|& Co\.,|Ltd\.|& Cie.,|S\. A\.,|A\.-G\.,|A\. G\.) ?(S. A.)?|^[A-Z]. [A-Z]. \w{1,10}|^ ?[A-Z][a-z]{1,3}\. \w{1,10}-?\w{1,10}|^\w{1,10} & \w{1,10}|^ ?[A-Z]. \w{1,10}|.{1,100} Co\.|^[A-Z][a-z]{1,10} [A-Z][a-z]{1,10},)	Trullas & Co. Ltd.	1948	92	index	True	(?!\(Mr. Egli; Phone 44.461, Basle\)|\(Vaud\)|\(Grands Magasins Innovation S.A.\)|\(St. Gall\)|\((Grands Magasins Innovation, S.A.)\)|\(agent\)|\(Egypt\)|\(J. Baumgartner\)|\(O. Hauser\)|\(Ch. Mayer, Prop.\)|\(Stockport\)|\(Switzerland\)|\(Burg\)|\(Continental\)|\(1920\)|\(Bury\)|\(England\))\(.{1,150}\),? ?	(Fruit and vegetables), 12, rue de Zurich, Geneva; Phone (022)												
Union USEGO (Importers and distributors of foodstuffs, groce¬ ries, fruit and vegetables and liqueurs), Olten; Phone (062) 53751; Telgr. Usego Olten.	True	Olten.	Olten.				1948	92	index	True	(?!\(Mr. Egli; Phone 44.461, Basle\)|\(Vaud\)|\(Grands Magasins Innovation S.A.\)|\(St. Gall\)|\((Grands Magasins Innovation, S.A.)\)|\(agent\)|\(Egypt\)|\(J. Baumgartner\)|\(O. Hauser\)|\(Ch. Mayer, Prop.\)|\(Stockport\)|\(Switzerland\)|\(Burg\)|\(Continental\)|\(1920\)|\(Bury\)|\(England\))\(.{1,150}\),? ?	(Importers and distributors of foodstuffs, groce¬ ries, fruit and vegetables and liqueurs), Olten; Phone (062)												
Union Trading Co. Ltd. (Import and transit trade in cocoa, cof¬ fee, tea and other foodstuffs), 21, Nonnenweg, Basle; Phone (061) 24998; Telgr. «Unihage Basle.	True	Basle.	Basle.	True	(^.{1,30} ? (Frères|Brothers|Co\.|& Co\.,|Ltd\.|& Cie.,|S\. A\.,|A\.-G\.,|A\. G\.) ?(S. A.)?|^[A-Z]. [A-Z]. \w{1,10}|^ ?[A-Z][a-z]{1,3}\. \w{1,10}-?\w{1,10}|^\w{1,10} & \w{1,10}|^ ?[A-Z]. \w{1,10}|.{1,100} Co\.|^[A-Z][a-z]{1,10} [A-Z][a-z]{1,10},)	Union Trading Co. Ltd.	1948	92	index	True	(?!\(Mr. Egli; Phone 44.461, Basle\)|\(Vaud\)|\(Grands Magasins Innovation S.A.\)|\(St. Gall\)|\((Grands Magasins Innovation, S.A.)\)|\(agent\)|\(Egypt\)|\(J. Baumgartner\)|\(O. Hauser\)|\(Ch. Mayer, Prop.\)|\(Stockport\)|\(Switzerland\)|\(Burg\)|\(Continental\)|\(1920\)|\(Bury\)|\(England\))\(.{1,150}\),? ?	(Import and transit trade in cocoa, cof¬ fee, tea and other foodstuffs), 21, Nonnenweg, Basle; Phone (061)	True	([0-9]{1,4}(,|\.) [A-Z].{1,15}(sprung|quai|berg|rain|vorstadt|weg|allee|gasse|graben|strasse|platz| Street| Road)|[0-9]{1,4}(,|\.)? (rue de la|Route des|Route de|Boulevard de|Charing|Via|Pall|Avenue de|Rue|Rue de|Grand|Rue du|rue|St.|Avenue|Place|Avenue de la|Rue de la|Ruelle) [A-Z].{1,15},|[A-Z][a-z]{1,10} (E.| W. S.) [0-9]{1,3})	21, Nonnenweg									
Dr. A. Wander Ltd. (manufacturers of dietary foods), 36, Hotzi¬ kofenweg, Berne; Phone (031) 5 50 21.				True	(^.{1,30} ? (Frères|Brothers|Co\.|& Co\.,|Ltd\.|& Cie.,|S\. A\.,|A\.-G\.,|A\. G\.) ?(S. A.)?|^[A-Z]. [A-Z]. \w{1,10}|^ ?[A-Z][a-z]{1,3}\. \w{1,10}-?\w{1,10}|^\w{1,10} & \w{1,10}|^ ?[A-Z]. \w{1,10}|.{1,100} Co\.|^[A-Z][a-z]{1,10} [A-Z][a-z]{1,10},)	Dr. A. Wander Ltd.	1948	92	index	True	(?!\(Mr. Egli; Phone 44.461, Basle\)|\(Vaud\)|\(Grands Magasins Innovation S.A.\)|\(St. Gall\)|\((Grands Magasins Innovation, S.A.)\)|\(agent\)|\(Egypt\)|\(J. Baumgartner\)|\(O. Hauser\)|\(Ch. Mayer, Prop.\)|\(Stockport\)|\(Switzerland\)|\(Burg\)|\(Continental\)|\(1920\)|\(Bury\)|\(England\))\(.{1,150}\),? ?	(manufacturers of dietary foods), 36, Hotzi¬ kofenweg, Berne; Phone (031)	True	([0-9]{1,4}(,|\.) [A-Z].{1,15}(sprung|quai|berg|rain|vorstadt|weg|allee|gasse|graben|strasse|platz| Street| Road)|[0-9]{1,4}(,|\.)? (rue de la|Route des|Route de|Boulevard de|Charing|Via|Pall|Avenue de|Rue|Rue de|Grand|Rue du|rue|St.|Avenue|Place|Avenue de la|Rue de la|Ruelle) [A-Z].{1,15},|[A-Z][a-z]{1,10} (E.| W. S.) [0-9]{1,3})	36, Hotzi¬ kofenweg									
Zingg & Co. (importers), 12, Dorngasse, Berne; Phone (031) 5 50 51; 5 50 52; 5 50 53; Telgr. Zingg, Berne.	True	Berne.	Berne.	True	(^.{1,30} ? (Frères|Brothers|Co\.|& Co\.,|Ltd\.|& Cie.,|S\. A\.,|A\.-G\.,|A\. G\.) ?(S. A.)?|^[A-Z]. [A-Z]. \w{1,10}|^ ?[A-Z][a-z]{1,3}\. \w{1,10}-?\w{1,10}|^\w{1,10} & \w{1,10}|^ ?[A-Z]. \w{1,10}|.{1,100} Co\.|^[A-Z][a-z]{1,10} [A-Z][a-z]{1,10},)	Zingg & Co.	1948	92	index	True	(?!\(Mr. Egli; Phone 44.461, Basle\)|\(Vaud\)|\(Grands Magasins Innovation S.A.\)|\(St. Gall\)|\((Grands Magasins Innovation, S.A.)\)|\(agent\)|\(Egypt\)|\(J. Baumgartner\)|\(O. Hauser\)|\(Ch. Mayer, Prop.\)|\(Stockport\)|\(Switzerland\)|\(Burg\)|\(Continental\)|\(1920\)|\(Bury\)|\(England\))\(.{1,150}\),? ?	(importers), 12, Dorngasse, Berne; Phone (031)	True	([0-9]{1,4}(,|\.) [A-Z].{1,15}(sprung|quai|berg|rain|vorstadt|weg|allee|gasse|graben|strasse|platz| Street| Road)|[0-9]{1,4}(,|\.)? (rue de la|Route des|Route de|Boulevard de|Charing|Via|Pall|Avenue de|Rue|Rue de|Grand|Rue du|rue|St.|Avenue|Place|Avenue de la|Rue de la|Ruelle) [A-Z].{1,15},|[A-Z][a-z]{1,10} (E.| W. S.) [0-9]{1,3})	12, Dorngasse									
Footwear							1948	92	index							True	(([A-Z][a-z]{1,10})? ?([A-Z][a-z]{1,10}) \(([A-Z][a-z]{1,10})? ?([a-z]{1,15})?,? ?([a-z]{1,15})\)$|^ ?[A-Z][a-z]{1,20}(( and | und )? ?-?[A-Z][a-z]{1,20})?( and | und )?( ?[A-Z][a-z]{1,20})?( ?\([A-Z][a-z]{1,10}\))?$|^ ?[A-Z][a-z]{1,10} \([A-Z][a-z]{1,10}\) [A-Z][a-z]{1,15}$)	Footwear						
Engros Schuhhaus A. G. (Wholesale dealers), 8, Idastrasse, Zu¬ rich 3; Phone (051) 33 34 45; Telgr. Engros Schuhhause Zurich.	True	Zurich.	Zurich.	True	(^.{1,30} ? (Frères|Brothers|Co\.|& Co\.,|Ltd\.|& Cie.,|S\. A\.,|A\.-G\.,|A\. G\.) ?(S. A.)?|^[A-Z]. [A-Z]. \w{1,10}|^ ?[A-Z][a-z]{1,3}\. \w{1,10}-?\w{1,10}|^\w{1,10} & \w{1,10}|^ ?[A-Z]. \w{1,10}|.{1,100} Co\.|^[A-Z][a-z]{1,10} [A-Z][a-z]{1,10},)	Engros Schuhhaus A. G.	1948	92	index	True	(?!\(Mr. Egli; Phone 44.461, Basle\)|\(Vaud\)|\(Grands Magasins Innovation S.A.\)|\(St. Gall\)|\((Grands Magasins Innovation, S.A.)\)|\(agent\)|\(Egypt\)|\(J. Baumgartner\)|\(O. Hauser\)|\(Ch. Mayer, Prop.\)|\(Stockport\)|\(Switzerland\)|\(Burg\)|\(Continental\)|\(1920\)|\(Bury\)|\(England\))\(.{1,150}\),? ?	(Wholesale dealers), 8, Idastrasse, Zu¬ rich 3; Phone (051)	True	([0-9]{1,4}(,|\.) [A-Z].{1,15}(sprung|quai|berg|rain|vorstadt|weg|allee|gasse|graben|strasse|platz| Street| Road)|[0-9]{1,4}(,|\.)? (rue de la|Route des|Route de|Boulevard de|Charing|Via|Pall|Avenue de|Rue|Rue de|Grand|Rue du|rue|St.|Avenue|Place|Avenue de la|Rue de la|Ruelle) [A-Z].{1,15},|[A-Z][a-z]{1,10} (E.| W. S.) [0-9]{1,3})	8, Idastrasse									
Hug & Co. Ltd., Herzogenbuchsee; Phone (063) 6 83 45; Telgr. Huge Herzogenbuchsee.	True	Herzogenbuchsee.	Herzogenbuchsee.	True	(^.{1,30} ? (Frères|Brothers|Co\.|& Co\.,|Ltd\.|& Cie.,|S\. A\.,|A\.-G\.,|A\. G\.) ?(S. A.)?|^[A-Z]. [A-Z]. \w{1,10}|^ ?[A-Z][a-z]{1,3}\. \w{1,10}-?\w{1,10}|^\w{1,10} & \w{1,10}|^ ?[A-Z]. \w{1,10}|.{1,100} Co\.|^[A-Z][a-z]{1,10} [A-Z][a-z]{1,10},)	Hug & Co. Ltd.	1948	92	index	True	(?!\(Mr. Egli; Phone 44.461, Basle\)|\(Vaud\)|\(Grands Magasins Innovation S.A.\)|\(St. Gall\)|\((Grands Magasins Innovation, S.A.)\)|\(agent\)|\(Egypt\)|\(J. Baumgartner\)|\(O. Hauser\)|\(Ch. Mayer, Prop.\)|\(Stockport\)|\(Switzerland\)|\(Burg\)|\(Continental\)|\(1920\)|\(Bury\)|\(England\))\(.{1,150}\),? ?	(063)												
Sonnet Shoes Ltd. (Manufacturers of children's high grade shoes, special fitting school shoes, colourful fashion and play shoes and babies flexible shoes), 10, Redwell Street, Norwich; Phone 26000; Telgr. Sonnet, Norwich.	True	Norwich.	Norwich.	True	(^.{1,30} ? (Frères|Brothers|Co\.|& Co\.,|Ltd\.|& Cie.,|S\. A\.,|A\.-G\.,|A\. G\.) ?(S. A.)?|^[A-Z]. [A-Z]. \w{1,10}|^ ?[A-Z][a-z]{1,3}\. \w{1,10}-?\w{1,10}|^\w{1,10} & \w{1,10}|^ ?[A-Z]. \w{1,10}|.{1,100} Co\.|^[A-Z][a-z]{1,10} [A-Z][a-z]{1,10},)	Sonnet Shoes Ltd.	1948	92	index	True	(?!\(Mr. Egli; Phone 44.461, Basle\)|\(Vaud\)|\(Grands Magasins Innovation S.A.\)|\(St. Gall\)|\((Grands Magasins Innovation, S.A.)\)|\(agent\)|\(Egypt\)|\(J. Baumgartner\)|\(O. Hauser\)|\(Ch. Mayer, Prop.\)|\(Stockport\)|\(Switzerland\)|\(Burg\)|\(Continental\)|\(1920\)|\(Bury\)|\(England\))\(.{1,150}\),? ?	(Manufacturers of children's high grade shoes, special fitting school shoes, colourful fashion and play shoes and babies flexible shoes)	True	([0-9]{1,4}(,|\.) [A-Z].{1,15}(sprung|quai|berg|rain|vorstadt|weg|allee|gasse|graben|strasse|platz| Street| Road)|[0-9]{1,4}(,|\.)? (rue de la|Route des|Route de|Boulevard de|Charing|Via|Pall|Avenue de|Rue|Rue de|Grand|Rue du|rue|St.|Avenue|Place|Avenue de la|Rue de la|Ruelle) [A-Z].{1,15},|[A-Z][a-z]{1,10} (E.| W. S.) [0-9]{1,3})	10, Redwell Street				True	(Phone ([A-Z][a-z]{1,10} )?[0-9]{1,5}((\/|\.| )[0-9]{1,5})?|Phones [0-9]{1,5}.{1,8};|Phone « [A-Z][a-z]{1,10} » [0-9]{1,6}|Phone [A-Z][a-z]{1,10}, [0-9]{1,6})	Phone 26000			
The North British Rubber Co. Ltd. (manufacturers of rubber foot wear), Castle Mills, 2, Fountain Bridge, Edinburgh; Phone Edinburgh 23071; Telgr. Webas Edinburgh.	True	Edinburgh.	Edinburgh.	True	(^.{1,30} ? (Frères|Brothers|Co\.|& Co\.,|Ltd\.|& Cie.,|S\. A\.,|A\.-G\.,|A\. G\.) ?(S. A.)?|^[A-Z]. [A-Z]. \w{1,10}|^ ?[A-Z][a-z]{1,3}\. \w{1,10}-?\w{1,10}|^\w{1,10} & \w{1,10}|^ ?[A-Z]. \w{1,10}|.{1,100} Co\.|^[A-Z][a-z]{1,10} [A-Z][a-z]{1,10},)	The North British Rubber Co. Ltd.	1948	92	index	True	(?!\(Mr. Egli; Phone 44.461, Basle\)|\(Vaud\)|\(Grands Magasins Innovation S.A.\)|\(St. Gall\)|\((Grands Magasins Innovation, S.A.)\)|\(agent\)|\(Egypt\)|\(J. Baumgartner\)|\(O. Hauser\)|\(Ch. Mayer, Prop.\)|\(Stockport\)|\(Switzerland\)|\(Burg\)|\(Continental\)|\(1920\)|\(Bury\)|\(England\))\(.{1,150}\),? ?	(manufacturers of rubber foot wear)							True	(Phone ([A-Z][a-z]{1,10} )?[0-9]{1,5}((\/|\.| )[0-9]{1,5})?|Phones [0-9]{1,5}.{1,8};|Phone « [A-Z][a-z]{1,10} » [0-9]{1,6}|Phone [A-Z][a-z]{1,10}, [0-9]{1,6})	Phone Edinburgh 23071	True	Castle Mills	Castle Mills
