transcription	title_list_match	title_list_item	title_list_result	year	page	range_definition	location_list_match	location_list_item	location_list_result	company_list_match	company_list_item	company_list_result	company_pattern_match	company_pattern_item	company_pattern_result	company_best_match	company_best_match_type	company_best_match_strategy	title_pattern_match	title_pattern_item	title_pattern_result	goods_pattern_match	goods_pattern_item	goods_pattern_result	address_pattern_match	address_pattern_item	address_pattern_result	address_list_match	address_list_item	address_list_result	address_best_match	address_best_match_type	address_best_match_strategy
Disinfecting apparatus	True	Disinfecting apparatus	Disinfecting apparatus	1931	23	index																											
Sulzer Frères S. A., Winterthur.				1931	23	index	True	Winterthur.	Winterthur.	True	Sulzer Frères S. A.	Sulzer Frères S. A.	True	(^.{1,30} ? (S\.A\.|Frères|Brothers|Co\.|& Co\.,|Ltd\.|& Cie.,|S\. A\.,|A\.-G\.,|A\. ?G\.) ?(S. A.)?|^[A-Z]. [A-Z]. \w{1,10}|^ ?[A-Z][a-z]{1,3}\. \w{1,10}-?\w{1,10}|^\w{1,10} & \w{1,10}|^ ?[A-Z]. \w{1,10}|.{1,100} Co\.)	Sulzer Frères S. A.	Sulzer Frères S. A.	pattern	longest_match															
Drapery Merchants				1931	23	index													True	(([A-Z][a-z]{1,10})? ?([A-Z][a-z]{1,10}) \(([A-Z][a-z]{1,10})? ?([a-z]{1,15})?,? ?([a-z]{1,15})\)$|^ ?[A-Z][a-z]{1,20}(( and | und )? ?-?[A-Z][a-z]{1,20})?( and | und )?( ?[A-Z][a-z]{1,20})?( ?\([A-Z][a-z]{1,10}\))?$|^ ?[A-Z][a-z]{1,10} \([A-Z][a-z]{1,10}\) [A-Z][a-z]{1,15}$)	Drapery Merchants												
Bigar Frères (Grands Magasins Innovation, S. A.), 21, Rue du Pont, Lausanne.				1931	23	index	True	Lausanne.	Lausanne.				True	(^.{1,30} ? (S\.A\.|Frères|Brothers|Co\.|& Co\.,|Ltd\.|& Cie.,|S\. A\.,|A\.-G\.,|A\. ?G\.) ?(S. A.)?|^[A-Z]. [A-Z]. \w{1,10}|^ ?[A-Z][a-z]{1,3}\. \w{1,10}-?\w{1,10}|^\w{1,10} & \w{1,10}|^ ?[A-Z]. \w{1,10}|.{1,100} Co\.)	Bigar Frères							True	(?!\((Grands Magasins Innovation, S.A.)\)|\(agent\)|\(Egypt\)|\(J. Baumgartner\)|\(O. Hauser\)|\(Ch. Mayer, Prop.\)|\(Stockport\)|\(Switzerland\)|\(Burg\)|\(Continental\)|\(1920\)|\(Bury\)|\(England\))\(.{1,150}\),? ?	(Grands Magasins Innovation, S. A.)	True	([0-9]{1,4}(,|\.) [A-Z].{1,15}(sprung|quai|berg|rain|vorstadt|weg|allee|gasse|graben|strasse|platz| Street| Road)|[0-9]{1,4}(,|\.)? (rue de la|Route des|Route de|Boulevard de|Charing|Via|Pall|Avenue de|Rue|Rue de|Grand|Rue du|rue|St.|Avenue|Place|Avenue de la|Rue de la|Ruelle) [A-Z].{1,15},|[A-Z][a-z]{1,10} (E.| W. S.) [0-9]{1,3})	21, Rue du Pont						
Bonnard & Cie., S.A., 10 & 11, Place St. François, Lausanne.				1931	23	index	True	Lausanne.	Lausanne.	True	Bonnard & Cie., S.A.	Bonnard & Cie., S.A.	True	(^.{1,30} ? (S\.A\.|Frères|Brothers|Co\.|& Co\.,|Ltd\.|& Cie.,|S\. A\.,|A\.-G\.,|A\. ?G\.) ?(S. A.)?|^[A-Z]. [A-Z]. \w{1,10}|^ ?[A-Z][a-z]{1,3}\. \w{1,10}-?\w{1,10}|^\w{1,10} & \w{1,10}|^ ?[A-Z]. \w{1,10}|.{1,100} Co\.)	Bonnard & Cie., S.A.	Bonnard & Cie., S.A.	pattern	longest_match							True	([0-9]{1,4}(,|\.) [A-Z].{1,15}(sprung|quai|berg|rain|vorstadt|weg|allee|gasse|graben|strasse|platz| Street| Road)|[0-9]{1,4}(,|\.)? (rue de la|Route des|Route de|Boulevard de|Charing|Via|Pall|Avenue de|Rue|Rue de|Grand|Rue du|rue|St.|Avenue|Place|Avenue de la|Rue de la|Ruelle) [A-Z].{1,15},|[A-Z][a-z]{1,10} (E.| W. S.) [0-9]{1,3})	11, Place St. François	True	Place St. François	Place St. François	11, Place St. François	pattern	longest_match
Albion House Ltd., 22, Rue de Bourg, Lausanne.				1931	23	index	True	Lausanne.	Lausanne.				True	(^.{1,30} ? (S\.A\.|Frères|Brothers|Co\.|& Co\.,|Ltd\.|& Cie.,|S\. A\.,|A\.-G\.,|A\. ?G\.) ?(S. A.)?|^[A-Z]. [A-Z]. \w{1,10}|^ ?[A-Z][a-z]{1,3}\. \w{1,10}-?\w{1,10}|^\w{1,10} & \w{1,10}|^ ?[A-Z]. \w{1,10}|.{1,100} Co\.)	Albion House Ltd.										True	([0-9]{1,4}(,|\.) [A-Z].{1,15}(sprung|quai|berg|rain|vorstadt|weg|allee|gasse|graben|strasse|platz| Street| Road)|[0-9]{1,4}(,|\.)? (rue de la|Route des|Route de|Boulevard de|Charing|Via|Pall|Avenue de|Rue|Rue de|Grand|Rue du|rue|St.|Avenue|Place|Avenue de la|Rue de la|Ruelle) [A-Z].{1,15},|[A-Z][a-z]{1,10} (E.| W. S.) [0-9]{1,3})	22, Rue de Bourg						
Gattiker & Steinmann (wholesale), Richterswil.				1931	23	index	True	Richterswil.	Richterswil.	True	Gattiker & Steinmann	Gattiker & Steinmann										True	(?!\((Grands Magasins Innovation, S.A.)\)|\(agent\)|\(Egypt\)|\(J. Baumgartner\)|\(O. Hauser\)|\(Ch. Mayer, Prop.\)|\(Stockport\)|\(Switzerland\)|\(Burg\)|\(Continental\)|\(1920\)|\(Bury\)|\(England\))\(.{1,150}\),? ?	(wholesale)									
A. & S. Henry & Co., Ltd. (wholesale), Leeds Road, Bradford.				1931	23	index	True	Bradford.	Bradford.	True	A. & S. Henry & Co., Ltd.	A. & S. Henry & Co., Ltd.	True	(^.{1,30} ? (S\.A\.|Frères|Brothers|Co\.|& Co\.,|Ltd\.|& Cie.,|S\. A\.,|A\.-G\.,|A\. ?G\.) ?(S. A.)?|^[A-Z]. [A-Z]. \w{1,10}|^ ?[A-Z][a-z]{1,3}\. \w{1,10}-?\w{1,10}|^\w{1,10} & \w{1,10}|^ ?[A-Z]. \w{1,10}|.{1,100} Co\.)	A. & S. Henry & Co., Ltd.	A. & S. Henry & Co., Ltd.	pattern	longest_match				True	(?!\((Grands Magasins Innovation, S.A.)\)|\(agent\)|\(Egypt\)|\(J. Baumgartner\)|\(O. Hauser\)|\(Ch. Mayer, Prop.\)|\(Stockport\)|\(Switzerland\)|\(Burg\)|\(Continental\)|\(1920\)|\(Bury\)|\(England\))\(.{1,150}\),? ?	(wholesale)				True	Leeds Road	Leeds Road			
Weith & Co., 27 Bourg, Lausanne.				1931	23	index	True	Lausanne.	Lausanne.	True	Weith & Co	Weith & Co	True	(^.{1,30} ? (S\.A\.|Frères|Brothers|Co\.|& Co\.,|Ltd\.|& Cie.,|S\. A\.,|A\.-G\.,|A\. ?G\.) ?(S. A.)?|^[A-Z]. [A-Z]. \w{1,10}|^ ?[A-Z][a-z]{1,3}\. \w{1,10}-?\w{1,10}|^\w{1,10} & \w{1,10}|^ ?[A-Z]. \w{1,10}|.{1,100} Co\.)	Weith & Co.	Weith & Co.	pattern	longest_match										True	27 Bourg	27 Bourg			
Drug Manufacturers				1931	23	index													True	(([A-Z][a-z]{1,10})? ?([A-Z][a-z]{1,10}) \(([A-Z][a-z]{1,10})? ?([a-z]{1,15})?,? ?([a-z]{1,15})\)$|^ ?[A-Z][a-z]{1,20}(( and | und )? ?-?[A-Z][a-z]{1,20})?( and | und )?( ?[A-Z][a-z]{1,20})?( ?\([A-Z][a-z]{1,10}\))?$|^ ?[A-Z][a-z]{1,10} \([A-Z][a-z]{1,10}\) [A-Z][a-z]{1,15}$)	Drug Manufacturers												
Aktiengesellschaft vorm. B. Siegfried, Zofingen.				1931	23	index	True	Zofingen.	Zofingen.	True	Aktiengesellschaft vorm. B. Siegfried	Aktiengesellschaft vorm. B. Siegfried																					
Chemische Fabrik vorm. Sandoz, Basle.				1931	23	index	True	Basle.	Basle.	True	Chemische Fabrik vorm. Sandoz	Chemische Fabrik vorm. Sandoz																					
Society of Chemical Industry in Basle, Basle.				1931	23	index	True	Basle.	Basle.	True	Society of Chemical Industry in Basle	Society of Chemical Industry in Basle																					
Drying Plants				1931	23	index													True	(([A-Z][a-z]{1,10})? ?([A-Z][a-z]{1,10}) \(([A-Z][a-z]{1,10})? ?([a-z]{1,15})?,? ?([a-z]{1,15})\)$|^ ?[A-Z][a-z]{1,20}(( and | und )? ?-?[A-Z][a-z]{1,20})?( and | und )?( ?[A-Z][a-z]{1,20})?( ?\([A-Z][a-z]{1,10}\))?$|^ ?[A-Z][a-z]{1,10} \([A-Z][a-z]{1,10}\) [A-Z][a-z]{1,15}$)	Drying Plants												
Sulzer Frères, S. A., Winterthur.				1931	23	index	True	Winterthur.	Winterthur.				True	(^.{1,30} ? (S\.A\.|Frères|Brothers|Co\.|& Co\.,|Ltd\.|& Cie.,|S\. A\.,|A\.-G\.,|A\. ?G\.) ?(S. A.)?|^[A-Z]. [A-Z]. \w{1,10}|^ ?[A-Z][a-z]{1,3}\. \w{1,10}-?\w{1,10}|^\w{1,10} & \w{1,10}|^ ?[A-Z]. \w{1,10}|.{1,100} Co\.)	Sulzer Frères, S. A.																		
Dyestuff Manufacturers				1931	23	index													True	(([A-Z][a-z]{1,10})? ?([A-Z][a-z]{1,10}) \(([A-Z][a-z]{1,10})? ?([a-z]{1,15})?,? ?([a-z]{1,15})\)$|^ ?[A-Z][a-z]{1,20}(( and | und )? ?-?[A-Z][a-z]{1,20})?( and | und )?( ?[A-Z][a-z]{1,20})?( ?\([A-Z][a-z]{1,10}\))?$|^ ?[A-Z][a-z]{1,10} \([A-Z][a-z]{1,10}\) [A-Z][a-z]{1,15}$)	Dyestuff Manufacturers												
Chemische Fabrik vorm. Sandoz, Basle.				1931	23	index	True	Basle.	Basle.	True	Chemische Fabrik vorm. Sandoz	Chemische Fabrik vorm. Sandoz																					
Clayton Aniline Co., Ltd., Ashton New Road, Clayton, Manchester.				1931	23	index	True	Manchester.	Manchester.				True	(^.{1,30} ? (S\.A\.|Frères|Brothers|Co\.|& Co\.,|Ltd\.|& Cie.,|S\. A\.,|A\.-G\.,|A\. ?G\.) ?(S. A.)?|^[A-Z]. [A-Z]. \w{1,10}|^ ?[A-Z][a-z]{1,3}\. \w{1,10}-?\w{1,10}|^\w{1,10} & \w{1,10}|^ ?[A-Z]. \w{1,10}|.{1,100} Co\.)	Clayton Aniline Co., Ltd.													True	Ashton New Road, Clayton	Ashton New Road, Clayton			
Durand & Huguenin, S.A., Basle.				1931	23	index	True	Basle.	Basle.	True	Durand & Huguenin, S.A.	Durand & Huguenin, S.A.	True	(^.{1,30} ? (S\.A\.|Frères|Brothers|Co\.|& Co\.,|Ltd\.|& Cie.,|S\. A\.,|A\.-G\.,|A\. ?G\.) ?(S. A.)?|^[A-Z]. [A-Z]. \w{1,10}|^ ?[A-Z][a-z]{1,3}\. \w{1,10}-?\w{1,10}|^\w{1,10} & \w{1,10}|^ ?[A-Z]. \w{1,10}|.{1,100} Co\.)	Durand & Huguenin, S.A.	Durand & Huguenin, S.A.	pattern	longest_match															
J. R. Geig. S. A., Basle.				1931	23	index	True	Basle.	Basle.				True	(^.{1,30} ? (S\.A\.|Frères|Brothers|Co\.|& Co\.,|Ltd\.|& Cie.,|S\. A\.,|A\.-G\.,|A\. ?G\.) ?(S. A.)?|^[A-Z]. [A-Z]. \w{1,10}|^ ?[A-Z][a-z]{1,3}\. \w{1,10}-?\w{1,10}|^\w{1,10} & \w{1,10}|^ ?[A-Z]. \w{1,10}|.{1,100} Co\.)	J. R. Geig. S. A.																		
Society of Chemical Industry in Basle, Basle.				1931	23	index	True	Basle.	Basle.	True	Society of Chemical Industry in Basle	Society of Chemical Industry in Basle																					
Dyers				1931	23	index													True	(([A-Z][a-z]{1,10})? ?([A-Z][a-z]{1,10}) \(([A-Z][a-z]{1,10})? ?([a-z]{1,15})?,? ?([a-z]{1,15})\)$|^ ?[A-Z][a-z]{1,20}(( and | und )? ?-?[A-Z][a-z]{1,20})?( and | und )?( ?[A-Z][a-z]{1,20})?( ?\([A-Z][a-z]{1,10}\))?$|^ ?[A-Z][a-z]{1,10} \([A-Z][a-z]{1,10}\) [A-Z][a-z]{1,15}$)	Dyers												
Färbereien Schetty, A. G. (silks, pure spun and artificial, cotton and ribbons), Basle.				1931	23	index	True	Basle.	Basle.				True	(^.{1,30} ? (S\.A\.|Frères|Brothers|Co\.|& Co\.,|Ltd\.|& Cie.,|S\. A\.,|A\.-G\.,|A\. ?G\.) ?(S. A.)?|^[A-Z]. [A-Z]. \w{1,10}|^ ?[A-Z][a-z]{1,3}\. \w{1,10}-?\w{1,10}|^\w{1,10} & \w{1,10}|^ ?[A-Z]. \w{1,10}|.{1,100} Co\.)	Färbereien Schetty, A. G.							True	(?!\((Grands Magasins Innovation, S.A.)\)|\(agent\)|\(Egypt\)|\(J. Baumgartner\)|\(O. Hauser\)|\(Ch. Mayer, Prop.\)|\(Stockport\)|\(Switzerland\)|\(Burg\)|\(Continental\)|\(1920\)|\(Bury\)|\(England\))\(.{1,150}\),? ?	(silks, pure spun and artificial, cotton and ribbons)									
Hüssy & Co., A. G. (mercerised and non-mercerised cotton goods), Safenwil (Aargau).				1931	23	index	True	Safenwil (Aargau).	Safenwil (Aargau).				True	(^.{1,30} ? (S\.A\.|Frères|Brothers|Co\.|& Co\.,|Ltd\.|& Cie.,|S\. A\.,|A\.-G\.,|A\. ?G\.) ?(S. A.)?|^[A-Z]. [A-Z]. \w{1,10}|^ ?[A-Z][a-z]{1,3}\. \w{1,10}-?\w{1,10}|^\w{1,10} & \w{1,10}|^ ?[A-Z]. \w{1,10}|.{1,100} Co\.)	Hüssy & Co., A. G.							True	(?!\((Grands Magasins Innovation, S.A.)\)|\(agent\)|\(Egypt\)|\(J. Baumgartner\)|\(O. Hauser\)|\(Ch. Mayer, Prop.\)|\(Stockport\)|\(Switzerland\)|\(Burg\)|\(Continental\)|\(1920\)|\(Bury\)|\(England\))\(.{1,150}\),? ?	(mercerised and non-mercerised cotton goods), Safenwil (Aargau)									
Elastics (manufacturers)				1931	23	index													True	(([A-Z][a-z]{1,10})? ?([A-Z][a-z]{1,10}) \(([A-Z][a-z]{1,10})? ?([a-z]{1,15})?,? ?([a-z]{1,15})\)$|^ ?[A-Z][a-z]{1,20}(( and | und )? ?-?[A-Z][a-z]{1,20})?( and | und )?( ?[A-Z][a-z]{1,20})?( ?\([A-Z][a-z]{1,10}\))?$|^ ?[A-Z][a-z]{1,10} \([A-Z][a-z]{1,10}\) [A-Z][a-z]{1,15}$)	Elastics (manufacturers)												
G. Kappeler (in cotton and silk), Zofingen.				1931	23	index	True	Zofingen.	Zofingen.				True	(^.{1,30} ? (S\.A\.|Frères|Brothers|Co\.|& Co\.,|Ltd\.|& Cie.,|S\. A\.,|A\.-G\.,|A\. ?G\.) ?(S. A.)?|^[A-Z]. [A-Z]. \w{1,10}|^ ?[A-Z][a-z]{1,3}\. \w{1,10}-?\w{1,10}|^\w{1,10} & \w{1,10}|^ ?[A-Z]. \w{1,10}|.{1,100} Co\.)	G. Kappeler							True	(?!\((Grands Magasins Innovation, S.A.)\)|\(agent\)|\(Egypt\)|\(J. Baumgartner\)|\(O. Hauser\)|\(Ch. Mayer, Prop.\)|\(Stockport\)|\(Switzerland\)|\(Burg\)|\(Continental\)|\(1920\)|\(Bury\)|\(England\))\(.{1,150}\),? ?	(in cotton and silk)									
Electrical Accessories				1931	23	index													True	(([A-Z][a-z]{1,10})? ?([A-Z][a-z]{1,10}) \(([A-Z][a-z]{1,10})? ?([a-z]{1,15})?,? ?([a-z]{1,15})\)$|^ ?[A-Z][a-z]{1,20}(( and | und )? ?-?[A-Z][a-z]{1,20})?( and | und )?( ?[A-Z][a-z]{1,20})?( ?\([A-Z][a-z]{1,10}\))?$|^ ?[A-Z][a-z]{1,10} \([A-Z][a-z]{1,10}\) [A-Z][a-z]{1,15}$)	Electrical Accessories												
A. Crabtre & Co., Ltd., Lincoln Works, Lincoln Road, Walsall, England.				1931	23	index							True	(^.{1,30} ? (S\.A\.|Frères|Brothers|Co\.|& Co\.,|Ltd\.|& Cie.,|S\. A\.,|A\.-G\.,|A\. ?G\.) ?(S. A.)?|^[A-Z]. [A-Z]. \w{1,10}|^ ?[A-Z][a-z]{1,3}\. \w{1,10}-?\w{1,10}|^\w{1,10} & \w{1,10}|^ ?[A-Z]. \w{1,10}|.{1,100} Co\.)	A. Crabtre & Co., Ltd.													True	Lincoln Road	Lincoln Road			
Electrical Apparatus				1931	23	index													True	(([A-Z][a-z]{1,10})? ?([A-Z][a-z]{1,10}) \(([A-Z][a-z]{1,10})? ?([a-z]{1,15})?,? ?([a-z]{1,15})\)$|^ ?[A-Z][a-z]{1,20}(( and | und )? ?-?[A-Z][a-z]{1,20})?( and | und )?( ?[A-Z][a-z]{1,20})?( ?\([A-Z][a-z]{1,10}\))?$|^ ?[A-Z][a-z]{1,10} \([A-Z][a-z]{1,10}\) [A-Z][a-z]{1,15}$)	Electrical Apparatus												
F. P. Baehler (agent), Galeries du Commerce, Chambre 73, Lausanne.				1931	23	index	True	Lausanne.	Lausanne.	True	F. P. Baehler	F. P. Baehler	True	(^.{1,30} ? (S\.A\.|Frères|Brothers|Co\.|& Co\.,|Ltd\.|& Cie.,|S\. A\.,|A\.-G\.,|A\. ?G\.) ?(S. A.)?|^[A-Z]. [A-Z]. \w{1,10}|^ ?[A-Z][a-z]{1,3}\. \w{1,10}-?\w{1,10}|^\w{1,10} & \w{1,10}|^ ?[A-Z]. \w{1,10}|.{1,100} Co\.)	F. P	F. P. Baehler	list	longest_match										True	Galeries du Commerce, Chambre 73	Galeries du Commerce, Chambre 73			
