transcription	title_pattern_match	title_pattern_item	title_pattern_result	year	page	range_definition	location_list_match	location_list_item	location_list_result	company_pattern_match	company_pattern_item	company_pattern_result	address_list_match	address_list_item	address_list_result	company_list_match	company_list_item	company_list_result	company_best_match	company_best_match_type	company_best_match_strategy	address_pattern_match	address_pattern_item	address_pattern_result	title_list_match	title_list_item	title_list_result	goods_pattern_match	goods_pattern_item	goods_pattern_result	address_best_match	address_best_match_type	address_best_match_strategy
Hat Leather Manufacturers	True	(([A-Z][a-z]{1,10})? ?([A-Z][a-z]{1,10}) \(([A-Z][a-z]{1,10})? ?([a-z]{1,15})?,? ?([a-z]{1,15})\)$|^ ?[A-Z][a-z]{1,20}(( and | und )? ?-?[A-Z][a-z]{1,20})?( and | und )?( ?[A-Z][a-z]{1,20})?( ?\([A-Z][a-z]{1,10}\))?$|^ ?[A-Z][a-z]{1,10} \([A-Z][a-z]{1,10}\) [A-Z][a-z]{1,15}$)	Hat Leather Manufacturers	1929	27	index																											
Dean & Co. (Stockport), Ltd., Cheadle Heath Works, Stockport (England).				1929	27	index	True	Stockport (England).	Stockport (England).	True	(^.{1,30} ? (S\.A\.|Frères|Brothers|Co\.|& Co\.,|Ltd\.|& Cie.,|S\. A\.,|A\.-G\.,|A\. ?G\.) ?(S. A.)?|^[A-Z]. [A-Z]. \w{1,10}|^ ?[A-Z][a-z]{1,3}\. \w{1,10}-?\w{1,10}|^\w{1,10} & \w{1,10}|^ ?[A-Z]. \w{1,10}|.{1,100} Co\.)	Dean & Co. (Stockport), Ltd.	True	Cheadle Heath Works	Cheadle Heath Works																		
Haulage Plant	True	(([A-Z][a-z]{1,10})? ?([A-Z][a-z]{1,10}) \(([A-Z][a-z]{1,10})? ?([a-z]{1,15})?,? ?([a-z]{1,15})\)$|^ ?[A-Z][a-z]{1,20}(( and | und )? ?-?[A-Z][a-z]{1,20})?( and | und )?( ?[A-Z][a-z]{1,20})?( ?\([A-Z][a-z]{1,10}\))?$|^ ?[A-Z][a-z]{1,10} \([A-Z][a-z]{1,10}\) [A-Z][a-z]{1,15}$)	Haulage Plant	1929	27	index																											
A. G. Brown, Boveri & Co., Baden (Switzerland).				1929	27	index	True	Baden (Switzerland).	Baden (Switzerland).	True	(^.{1,30} ? (S\.A\.|Frères|Brothers|Co\.|& Co\.,|Ltd\.|& Cie.,|S\. A\.,|A\.-G\.,|A\. ?G\.) ?(S. A.)?|^[A-Z]. [A-Z]. \w{1,10}|^ ?[A-Z][a-z]{1,3}\. \w{1,10}-?\w{1,10}|^\w{1,10} & \w{1,10}|^ ?[A-Z]. \w{1,10}|.{1,100} Co\.)	A. G. Brown, Boveri & Co.																					
Heating Plant	True	(([A-Z][a-z]{1,10})? ?([A-Z][a-z]{1,10}) \(([A-Z][a-z]{1,10})? ?([a-z]{1,15})?,? ?([a-z]{1,15})\)$|^ ?[A-Z][a-z]{1,20}(( and | und )? ?-?[A-Z][a-z]{1,20})?( and | und )?( ?[A-Z][a-z]{1,20})?( ?\([A-Z][a-z]{1,10}\))?$|^ ?[A-Z][a-z]{1,10} \([A-Z][a-z]{1,10}\) [A-Z][a-z]{1,15}$)	Heating Plant	1929	27	index																											
Sulzer Frères S. A., Winterthur.				1929	27	index	True	Winterthur.	Winterthur.	True	(^.{1,30} ? (S\.A\.|Frères|Brothers|Co\.|& Co\.,|Ltd\.|& Cie.,|S\. A\.,|A\.-G\.,|A\. ?G\.) ?(S. A.)?|^[A-Z]. [A-Z]. \w{1,10}|^ ?[A-Z][a-z]{1,3}\. \w{1,10}-?\w{1,10}|^\w{1,10} & \w{1,10}|^ ?[A-Z]. \w{1,10}|.{1,100} Co\.)	Sulzer Frères S. A.				True	Sulzer Frères S. A.	Sulzer Frères S. A.	Sulzer Frères S. A.	pattern	longest_match												
Heel (Wooden) Manufacturers	True	(([A-Z][a-z]{1,10})? ?([A-Z][a-z]{1,10}) \(([A-Z][a-z]{1,10})? ?([a-z]{1,15})?,? ?([a-z]{1,15})\)$|^ ?[A-Z][a-z]{1,20}(( and | und )? ?-?[A-Z][a-z]{1,20})?( and | und )?( ?[A-Z][a-z]{1,20})?( ?\([A-Z][a-z]{1,10}\))?$|^ ?[A-Z][a-z]{1,10} \([A-Z][a-z]{1,10}\) [A-Z][a-z]{1,15}$)	Heel (Wooden) Manufacturers	1929	27	index																											
Bally Shoe Factories, Ltd. Schönenwerd.				1929	27	index	True	Schönenwerd.	Schönenwerd.	True	(^.{1,30} ? (S\.A\.|Frères|Brothers|Co\.|& Co\.,|Ltd\.|& Cie.,|S\. A\.,|A\.-G\.,|A\. ?G\.) ?(S. A.)?|^[A-Z]. [A-Z]. \w{1,10}|^ ?[A-Z][a-z]{1,3}\. \w{1,10}-?\w{1,10}|^\w{1,10} & \w{1,10}|^ ?[A-Z]. \w{1,10}|.{1,100} Co\.)	Bally Shoe Factories, Ltd.																					
Hides (Dealers in)	True	(([A-Z][a-z]{1,10})? ?([A-Z][a-z]{1,10}) \(([A-Z][a-z]{1,10})? ?([a-z]{1,15})?,? ?([a-z]{1,15})\)$|^ ?[A-Z][a-z]{1,20}(( and | und )? ?-?[A-Z][a-z]{1,20})?( and | und )?( ?[A-Z][a-z]{1,20})?( ?\([A-Z][a-z]{1,10}\))?$|^ ?[A-Z][a-z]{1,10} \([A-Z][a-z]{1,10}\) [A-Z][a-z]{1,15}$)	Hides (Dealers in)	1929	27	index																											
British Tanners, Ltd., 67, Dale Street, Liverpool.				1929	27	index	True	Liverpool.	Liverpool.	True	(^.{1,30} ? (S\.A\.|Frères|Brothers|Co\.|& Co\.,|Ltd\.|& Cie.,|S\. A\.,|A\.-G\.,|A\. ?G\.) ?(S. A.)?|^[A-Z]. [A-Z]. \w{1,10}|^ ?[A-Z][a-z]{1,3}\. \w{1,10}-?\w{1,10}|^\w{1,10} & \w{1,10}|^ ?[A-Z]. \w{1,10}|.{1,100} Co\.)	British Tanners, Ltd.				True	British Tanners, Ltd	British Tanners, Ltd	British Tanners, Ltd.	pattern	longest_match	True	([0-9]{1,4}(,|\.) [A-Z].{1,15}(sprung|quai|berg|rain|vorstadt|weg|allee|gasse|graben|strasse|platz| Street| Road)|[0-9]{1,4}(,|\.)? (rue de la|Route des|Route de|Boulevard de|Charing|Via|Pall|Avenue de|Rue|Rue de|Grand|Rue du|rue|St.|Avenue|Place|Avenue de la|Rue de la|Ruelle) [A-Z].{1,15},|[A-Z][a-z]{1,10} (E.| W. S.) [0-9]{1,3})	67, Dale Street									
Horse Hair (Artificial) Manufacturers				1929	27	index																			True	Horse Hair (Artificial) Manufacturers	Horse Hair (Artificial) Manufacturers						
Société de la Viscose Suisse, ("Crinol"), Emmenbrucke, (Lucerne).				1929	27	index										True	Société de la Viscose Suisse	Société de la Viscose Suisse										True	(?!\((Grands Magasins Innovation, S.A.)\)|\(agent\)|\(Egypt\)|\(J. Baumgartner\)|\(O. Hauser\)|\(Ch. Mayer, Prop.\)|\(Stockport\)|\(Switzerland\)|\(Burg\)|\(Continental\)|\(1920\)|\(Bury\)|\(England\))\(.{1,150}\),? ?	("Crinol"), Emmenbrucke, (Lucerne)			
Hosiery Manufacturers	True	(([A-Z][a-z]{1,10})? ?([A-Z][a-z]{1,10}) \(([A-Z][a-z]{1,10})? ?([a-z]{1,15})?,? ?([a-z]{1,15})\)$|^ ?[A-Z][a-z]{1,20}(( and | und )? ?-?[A-Z][a-z]{1,20})?( and | und )?( ?[A-Z][a-z]{1,20})?( ?\([A-Z][a-z]{1,10}\))?$|^ ?[A-Z][a-z]{1,10} \([A-Z][a-z]{1,10}\) [A-Z][a-z]{1,15}$)	Hosiery Manufacturers	1929	27	index																											
Buser & Keiser & Co., Ltd., Laufenburg.				1929	27	index	True	Laufenburg.	Laufenburg.	True	(^.{1,30} ? (S\.A\.|Frères|Brothers|Co\.|& Co\.,|Ltd\.|& Cie.,|S\. A\.,|A\.-G\.,|A\. ?G\.) ?(S. A.)?|^[A-Z]. [A-Z]. \w{1,10}|^ ?[A-Z][a-z]{1,3}\. \w{1,10}-?\w{1,10}|^\w{1,10} & \w{1,10}|^ ?[A-Z]. \w{1,10}|.{1,100} Co\.)	Buser & Keiser & Co., Ltd.																					
D. Byford & Co., Ltd., Blackbird Mills, Abbey Lane, Leicester.				1929	27	index	True	Leicester.	Leicester.	True	(^.{1,30} ? (S\.A\.|Frères|Brothers|Co\.|& Co\.,|Ltd\.|& Cie.,|S\. A\.,|A\.-G\.,|A\. ?G\.) ?(S. A.)?|^[A-Z]. [A-Z]. \w{1,10}|^ ?[A-Z][a-z]{1,3}\. \w{1,10}-?\w{1,10}|^\w{1,10} & \w{1,10}|^ ?[A-Z]. \w{1,10}|.{1,100} Co\.)	D. Byford & Co., Ltd.																					
Hanro Knitting Works, Handschin & Ronus, Ltd., Liestal.				1929	27	index	True	Liestal.	Liestal.							True	Hanro Knitting Works, Handschin & Ronus, Ltd.	Hanro Knitting Works, Handschin & Ronus, Ltd.															
Ruegger & Co. (cotton and lise), Zofingen.				1929	27	index	True	Zofingen.	Zofingen.	True	(^.{1,30} ? (S\.A\.|Frères|Brothers|Co\.|& Co\.,|Ltd\.|& Cie.,|S\. A\.,|A\.-G\.,|A\. ?G\.) ?(S. A.)?|^[A-Z]. [A-Z]. \w{1,10}|^ ?[A-Z][a-z]{1,3}\. \w{1,10}-?\w{1,10}|^\w{1,10} & \w{1,10}|^ ?[A-Z]. \w{1,10}|.{1,100} Co\.)	Ruegger & Co.																True	(?!\((Grands Magasins Innovation, S.A.)\)|\(agent\)|\(Egypt\)|\(J. Baumgartner\)|\(O. Hauser\)|\(Ch. Mayer, Prop.\)|\(Stockport\)|\(Switzerland\)|\(Burg\)|\(Continental\)|\(1920\)|\(Bury\)|\(England\))\(.{1,150}\),? ?	(cotton and lise)			
Hosiery Merchants	True	(([A-Z][a-z]{1,10})? ?([A-Z][a-z]{1,10}) \(([A-Z][a-z]{1,10})? ?([a-z]{1,15})?,? ?([a-z]{1,15})\)$|^ ?[A-Z][a-z]{1,20}(( and | und )? ?-?[A-Z][a-z]{1,20})?( and | und )?( ?[A-Z][a-z]{1,20})?( ?\([A-Z][a-z]{1,10}\))?$|^ ?[A-Z][a-z]{1,10} \([A-Z][a-z]{1,10}\) [A-Z][a-z]{1,15}$)	Hosiery Merchants	1929	27	index																											
Bonnard & Cie., S. A., 10 & 11, Place St. François, Lausanne.				1929	27	index	True	Lausanne.	Lausanne.	True	(^.{1,30} ? (S\.A\.|Frères|Brothers|Co\.|& Co\.,|Ltd\.|& Cie.,|S\. A\.,|A\.-G\.,|A\. ?G\.) ?(S. A.)?|^[A-Z]. [A-Z]. \w{1,10}|^ ?[A-Z][a-z]{1,3}\. \w{1,10}-?\w{1,10}|^\w{1,10} & \w{1,10}|^ ?[A-Z]. \w{1,10}|.{1,100} Co\.)	Bonnard & Cie., S. A.	True	Place St. François	Place St. François							True	([0-9]{1,4}(,|\.) [A-Z].{1,15}(sprung|quai|berg|rain|vorstadt|weg|allee|gasse|graben|strasse|platz| Street| Road)|[0-9]{1,4}(,|\.)? (rue de la|Route des|Route de|Boulevard de|Charing|Via|Pall|Avenue de|Rue|Rue de|Grand|Rue du|rue|St.|Avenue|Place|Avenue de la|Rue de la|Ruelle) [A-Z].{1,15},|[A-Z][a-z]{1,10} (E.| W. S.) [0-9]{1,3})	11, Place St. François							11, Place St. François	pattern	longest_match
Albion House Ltd., 22, Rue de Bourg, Lausanne.				1929	27	index	True	Lausanne.	Lausanne.	True	(^.{1,30} ? (S\.A\.|Frères|Brothers|Co\.|& Co\.,|Ltd\.|& Cie.,|S\. A\.,|A\.-G\.,|A\. ?G\.) ?(S. A.)?|^[A-Z]. [A-Z]. \w{1,10}|^ ?[A-Z][a-z]{1,3}\. \w{1,10}-?\w{1,10}|^\w{1,10} & \w{1,10}|^ ?[A-Z]. \w{1,10}|.{1,100} Co\.)	Albion House Ltd.										True	([0-9]{1,4}(,|\.) [A-Z].{1,15}(sprung|quai|berg|rain|vorstadt|weg|allee|gasse|graben|strasse|platz| Street| Road)|[0-9]{1,4}(,|\.)? (rue de la|Route des|Route de|Boulevard de|Charing|Via|Pall|Avenue de|Rue|Rue de|Grand|Rue du|rue|St.|Avenue|Place|Avenue de la|Rue de la|Ruelle) [A-Z].{1,15},|[A-Z][a-z]{1,10} (E.| W. S.) [0-9]{1,3})	22, Rue de Bourg									
Grieder & Co., Paradeplatz, Zurich.				1929	27	index	True	Zurich.	Zurich.	True	(^.{1,30} ? (S\.A\.|Frères|Brothers|Co\.|& Co\.,|Ltd\.|& Cie.,|S\. A\.,|A\.-G\.,|A\. ?G\.) ?(S. A.)?|^[A-Z]. [A-Z]. \w{1,10}|^ ?[A-Z][a-z]{1,3}\. \w{1,10}-?\w{1,10}|^\w{1,10} & \w{1,10}|^ ?[A-Z]. \w{1,10}|.{1,100} Co\.)	Grieder & Co.	True	Paradeplatz	Paradeplatz																		
Weith & Co., 27, Bourg, Lausanne.				1929	27	index	True	Lausanne.	Lausanne.	True	(^.{1,30} ? (S\.A\.|Frères|Brothers|Co\.|& Co\.,|Ltd\.|& Cie.,|S\. A\.,|A\.-G\.,|A\. ?G\.) ?(S. A.)?|^[A-Z]. [A-Z]. \w{1,10}|^ ?[A-Z][a-z]{1,3}\. \w{1,10}-?\w{1,10}|^\w{1,10} & \w{1,10}|^ ?[A-Z]. \w{1,10}|.{1,100} Co\.)	Weith & Co.	True	27, Bourg	27, Bourg	True	Weith & Co	Weith & Co	Weith & Co.	pattern	longest_match												
Hospital Sheetings (waterproof)	True	(([A-Z][a-z]{1,10})? ?([A-Z][a-z]{1,10}) \(([A-Z][a-z]{1,10})? ?([a-z]{1,15})?,? ?([a-z]{1,15})\)$|^ ?[A-Z][a-z]{1,20}(( and | und )? ?-?[A-Z][a-z]{1,20})?( and | und )?( ?[A-Z][a-z]{1,20})?( ?\([A-Z][a-z]{1,10}\))?$|^ ?[A-Z][a-z]{1,10} \([A-Z][a-z]{1,10}\) [A-Z][a-z]{1,15}$)	Hospital Sheetings (waterproof)	1929	27	index																											
Fr. Schenkel-Wyss, 60, Huttenstrasse, Zurich.				1929	27	index	True	Zurich.	Zurich.	True	(^.{1,30} ? (S\.A\.|Frères|Brothers|Co\.|& Co\.,|Ltd\.|& Cie.,|S\. A\.,|A\.-G\.,|A\. ?G\.) ?(S. A.)?|^[A-Z]. [A-Z]. \w{1,10}|^ ?[A-Z][a-z]{1,3}\. \w{1,10}-?\w{1,10}|^\w{1,10} & \w{1,10}|^ ?[A-Z]. \w{1,10}|.{1,100} Co\.)	Fr. Schenkel-Wyss										True	([0-9]{1,4}(,|\.) [A-Z].{1,15}(sprung|quai|berg|rain|vorstadt|weg|allee|gasse|graben|strasse|platz| Street| Road)|[0-9]{1,4}(,|\.)? (rue de la|Route des|Route de|Boulevard de|Charing|Via|Pall|Avenue de|Rue|Rue de|Grand|Rue du|rue|St.|Avenue|Place|Avenue de la|Rue de la|Ruelle) [A-Z].{1,15},|[A-Z][a-z]{1,10} (E.| W. S.) [0-9]{1,3})	60, Huttenstrasse									
Hot Water Supply Plants				1929	27	index																			True	Hot Water Supply Plants	Hot Water Supply Plants						
W. M. Still & Sons, Ltd., 29—31, Charles Street, Hatton Garden, London.				1929	27	index	True	London.	London.	True	(^.{1,30} ? (S\.A\.|Frères|Brothers|Co\.|& Co\.,|Ltd\.|& Cie.,|S\. A\.,|A\.-G\.,|A\. ?G\.) ?(S. A.)?|^[A-Z]. [A-Z]. \w{1,10}|^ ?[A-Z][a-z]{1,3}\. \w{1,10}-?\w{1,10}|^\w{1,10} & \w{1,10}|^ ?[A-Z]. \w{1,10}|.{1,100} Co\.)	W. M. Still & Sons, Ltd.	True	29—31, Charles Street	29—31, Charles Street							True	([0-9]{1,4}(,|\.) [A-Z].{1,15}(sprung|quai|berg|rain|vorstadt|weg|allee|gasse|graben|strasse|platz| Street| Road)|[0-9]{1,4}(,|\.)? (rue de la|Route des|Route de|Boulevard de|Charing|Via|Pall|Avenue de|Rue|Rue de|Grand|Rue du|rue|St.|Avenue|Place|Avenue de la|Rue de la|Ruelle) [A-Z].{1,15},|[A-Z][a-z]{1,10} (E.| W. S.) [0-9]{1,3})	31, Charles Street							29—31, Charles Street	list	longest_match
Sulzer Frères S. A., Winterthur.				1929	27	index	True	Winterthur.	Winterthur.	True	(^.{1,30} ? (S\.A\.|Frères|Brothers|Co\.|& Co\.,|Ltd\.|& Cie.,|S\. A\.,|A\.-G\.,|A\. ?G\.) ?(S. A.)?|^[A-Z]. [A-Z]. \w{1,10}|^ ?[A-Z][a-z]{1,3}\. \w{1,10}-?\w{1,10}|^\w{1,10} & \w{1,10}|^ ?[A-Z]. \w{1,10}|.{1,100} Co\.)	Sulzer Frères S. A.				True	Sulzer Frères S. A.	Sulzer Frères S. A.	Sulzer Frères S. A.	pattern	longest_match												
Hotel Management	True	(([A-Z][a-z]{1,10})? ?([A-Z][a-z]{1,10}) \(([A-Z][a-z]{1,10})? ?([a-z]{1,15})?,? ?([a-z]{1,15})\)$|^ ?[A-Z][a-z]{1,20}(( and | und )? ?-?[A-Z][a-z]{1,20})?( and | und )?( ?[A-Z][a-z]{1,20})?( ?\([A-Z][a-z]{1,10}\))?$|^ ?[A-Z][a-z]{1,10} \([A-Z][a-z]{1,10}\) [A-Z][a-z]{1,15}$)	Hotel Management	1929	27	index																											
Société des Hôteliers de Lausanne-Ouchy, Lausanne.				1929	27	index	True	Lausanne.	Lausanne.							True	Société des Hôteliers de Lausanne-Ouchy	Société des Hôteliers de Lausanne-Ouchy															
Swiss Hotel-Proprietors Association, 35, Aeschengraben, Basle.				1929	27	index	True	Basle.	Basle.							True	Swiss Hotel-Proprietors Association	Swiss Hotel-Proprietors Association				True	([0-9]{1,4}(,|\.) [A-Z].{1,15}(sprung|quai|berg|rain|vorstadt|weg|allee|gasse|graben|strasse|platz| Street| Road)|[0-9]{1,4}(,|\.)? (rue de la|Route des|Route de|Boulevard de|Charing|Via|Pall|Avenue de|Rue|Rue de|Grand|Rue du|rue|St.|Avenue|Place|Avenue de la|Rue de la|Ruelle) [A-Z].{1,15},|[A-Z][a-z]{1,10} (E.| W. S.) [0-9]{1,3})	35, Aeschengraben									
Hotels	True	(([A-Z][a-z]{1,10})? ?([A-Z][a-z]{1,10}) \(([A-Z][a-z]{1,10})? ?([a-z]{1,15})?,? ?([a-z]{1,15})\)$|^ ?[A-Z][a-z]{1,20}(( and | und )? ?-?[A-Z][a-z]{1,20})?( and | und )?( ?[A-Z][a-z]{1,20})?( ?\([A-Z][a-z]{1,10}\))?$|^ ?[A-Z][a-z]{1,10} \([A-Z][a-z]{1,10}\) [A-Z][a-z]{1,15}$)	Hotels	1929	27	index																											
Grand Hotel & Hotel des Alpes, Montreux-Territet.				1929	27	index	True	Territet.	Territet.							True	Grand Hotel & Hotel des Alpes	Grand Hotel & Hotel des Alpes															
Hotel Beau-Rivage (Ch. Mayer, Prop.), Geneva.				1929	27	index	True	Geneva.	Geneva.							True	Hotel Beau-Rivage (Ch. Mayer, Prop.)	Hotel Beau-Rivage (Ch. Mayer, Prop.)															
Hotel Savoy-Univers, 7, Centralbahnstrasse, Basle.				1929	27	index	True	Basle.	Basle.							True	Hotel Savoy-Univers	Hotel Savoy-Univers				True	([0-9]{1,4}(,|\.) [A-Z].{1,15}(sprung|quai|berg|rain|vorstadt|weg|allee|gasse|graben|strasse|platz| Street| Road)|[0-9]{1,4}(,|\.)? (rue de la|Route des|Route de|Boulevard de|Charing|Via|Pall|Avenue de|Rue|Rue de|Grand|Rue du|rue|St.|Avenue|Place|Avenue de la|Rue de la|Ruelle) [A-Z].{1,15},|[A-Z][a-z]{1,10} (E.| W. S.) [0-9]{1,3})	7, Centralbahnstrasse									
