transcription	goods_pattern_match	goods_pattern_item	goods_pattern_result	address_pattern_match	address_pattern_item	address_pattern_result	year	page	range_definition	company_pattern_match	company_pattern_item	company_pattern_result	location_list_match	location_list_item	location_list_result	company_list_match	company_list_item	company_list_result	title_pattern_match	title_pattern_item	title_pattern_result
Interchemical inc. (raw materials and specialities), Claridenhofe, 6, Gotthard¬ strasse, Zurich 2.	True	(?!\(Emmenthal\)|\(Genève\)|\(Mr. Egli; Phone 44.461, Basle\)|\(Vaud\)|\(Grands Magasins Innovation S.A.\)|\(St. Gall\)|\((Grands Magasins Innovation, S.A.)\)|\(agent\)|\(Egypt\)|\(J. Baumgartner\)|\(O. Hauser\)|\(Ch. Mayer, Prop.\)|\(Stockport\)|\(Switzerland\)|\(Burg\)|\(Continental\)|\(1920\)|\(Bury\)|\(England\))\(.{1,150}\),? ?	(raw materials and specialities)	True	([0-9]{1,4}(,|\.) [A-Z].{1,15}(sprung|quai|berg|rain|vorstadt|weg|allee|gasse|graben|strasse|platz| Street| Road)|[0-9]{1,4}(,|\.)? (rue de la|Route des|Route de|Boulevard de|Charing|Via|Pall|Avenue de|Rue|Rue de|Grand|Rue du|rue|St.|Avenue|Place|Avenue de la|Rue de la|Ruelle) [A-Z].{1,15},|[A-Z][a-z]{1,10} (E.| W. S.) [0-9]{1,3})	6, Gotthard¬ strasse	1951	37	index												
Albert Isliker & Co., 35, Löwenstrasse, Zürich 1.				True	([0-9]{1,4}(,|\.) [A-Z].{1,15}(sprung|quai|berg|rain|vorstadt|weg|allee|gasse|graben|strasse|platz| Street| Road)|[0-9]{1,4}(,|\.)? (rue de la|Route des|Route de|Boulevard de|Charing|Via|Pall|Avenue de|Rue|Rue de|Grand|Rue du|rue|St.|Avenue|Place|Avenue de la|Rue de la|Ruelle) [A-Z].{1,15},|[A-Z][a-z]{1,10} (E.| W. S.) [0-9]{1,3})	35, Löwenstrasse	1951	37	index	True	(^.{1,30} ? (Frères|Brothers|Co\.|& Co\.,|Ltd\.|& Cie.,|S\. A\.,|A\.-G\.,|A\. G\.) ?(S. A.)?|^[A-Z]. [A-Z]. \w{1,10}|^ ?[A-Z][a-z]{1,3}\. \w{1,10}-?\w{1,10}|^\w{1,10} & \w{1,10}|^ ?[A-Z]. \w{1,10}|.{1,100} Co\.|^[A-Z][a-z]{1,10} [A-Z][a-z]{1,10},)	Albert Isliker & Co.									
Lutex S.A., Galeries St-François B, Lausanne.							1951	37	index				True	Lausanne.	Lausanne.						
Matera Ltd. (importers of fine and heavy), 37, Leonhardstrasse, Basle.	True	(?!\(Emmenthal\)|\(Genève\)|\(Mr. Egli; Phone 44.461, Basle\)|\(Vaud\)|\(Grands Magasins Innovation S.A.\)|\(St. Gall\)|\((Grands Magasins Innovation, S.A.)\)|\(agent\)|\(Egypt\)|\(J. Baumgartner\)|\(O. Hauser\)|\(Ch. Mayer, Prop.\)|\(Stockport\)|\(Switzerland\)|\(Burg\)|\(Continental\)|\(1920\)|\(Bury\)|\(England\))\(.{1,150}\),? ?	(importers of fine and heavy)	True	([0-9]{1,4}(,|\.) [A-Z].{1,15}(sprung|quai|berg|rain|vorstadt|weg|allee|gasse|graben|strasse|platz| Street| Road)|[0-9]{1,4}(,|\.)? (rue de la|Route des|Route de|Boulevard de|Charing|Via|Pall|Avenue de|Rue|Rue de|Grand|Rue du|rue|St.|Avenue|Place|Avenue de la|Rue de la|Ruelle) [A-Z].{1,15},|[A-Z][a-z]{1,10} (E.| W. S.) [0-9]{1,3})	37, Leonhardstrasse	1951	37	index	True	(^.{1,30} ? (Frères|Brothers|Co\.|& Co\.,|Ltd\.|& Cie.,|S\. A\.,|A\.-G\.,|A\. G\.) ?(S. A.)?|^[A-Z]. [A-Z]. \w{1,10}|^ ?[A-Z][a-z]{1,3}\. \w{1,10}-?\w{1,10}|^\w{1,10} & \w{1,10}|^ ?[A-Z]. \w{1,10}|.{1,100} Co\.|^[A-Z][a-z]{1,10} [A-Z][a-z]{1,10},)	Matera Ltd.	True	Basle.	Basle.						
A. Mathys (for industrial purposes), 101, Universitätsstrasse, Zurich 6.	True	(?!\(Emmenthal\)|\(Genève\)|\(Mr. Egli; Phone 44.461, Basle\)|\(Vaud\)|\(Grands Magasins Innovation S.A.\)|\(St. Gall\)|\((Grands Magasins Innovation, S.A.)\)|\(agent\)|\(Egypt\)|\(J. Baumgartner\)|\(O. Hauser\)|\(Ch. Mayer, Prop.\)|\(Stockport\)|\(Switzerland\)|\(Burg\)|\(Continental\)|\(1920\)|\(Bury\)|\(England\))\(.{1,150}\),? ?	(for industrial purposes)	True	([0-9]{1,4}(,|\.) [A-Z].{1,15}(sprung|quai|berg|rain|vorstadt|weg|allee|gasse|graben|strasse|platz| Street| Road)|[0-9]{1,4}(,|\.)? (rue de la|Route des|Route de|Boulevard de|Charing|Via|Pall|Avenue de|Rue|Rue de|Grand|Rue du|rue|St.|Avenue|Place|Avenue de la|Rue de la|Ruelle) [A-Z].{1,15},|[A-Z][a-z]{1,10} (E.| W. S.) [0-9]{1,3})	101, Universitätsstrasse	1951	37	index	True	(^.{1,30} ? (Frères|Brothers|Co\.|& Co\.,|Ltd\.|& Cie.,|S\. A\.,|A\.-G\.,|A\. G\.) ?(S. A.)?|^[A-Z]. [A-Z]. \w{1,10}|^ ?[A-Z][a-z]{1,3}\. \w{1,10}-?\w{1,10}|^\w{1,10} & \w{1,10}|^ ?[A-Z]. \w{1,10}|.{1,100} Co\.|^[A-Z][a-z]{1,10} [A-Z][a-z]{1,10},)	A. Mathys									
Walter Moesch & Co., 135, Drusbergstrasse, Zurich 53.				True	([0-9]{1,4}(,|\.) [A-Z].{1,15}(sprung|quai|berg|rain|vorstadt|weg|allee|gasse|graben|strasse|platz| Street| Road)|[0-9]{1,4}(,|\.)? (rue de la|Route des|Route de|Boulevard de|Charing|Via|Pall|Avenue de|Rue|Rue de|Grand|Rue du|rue|St.|Avenue|Place|Avenue de la|Rue de la|Ruelle) [A-Z].{1,15},|[A-Z][a-z]{1,10} (E.| W. S.) [0-9]{1,3})	135, Drusbergstrasse	1951	37	index	True	(^.{1,30} ? (Frères|Brothers|Co\.|& Co\.,|Ltd\.|& Cie.,|S\. A\.,|A\.-G\.,|A\. G\.) ?(S. A.)?|^[A-Z]. [A-Z]. \w{1,10}|^ ?[A-Z][a-z]{1,3}\. \w{1,10}-?\w{1,10}|^\w{1,10} & \w{1,10}|^ ?[A-Z]. \w{1,10}|.{1,100} Co\.|^[A-Z][a-z]{1,10} [A-Z][a-z]{1,10},)	Walter Moesch & Co.									
Novavita Ltd. (for industrial purposes), 53, Parkring, Zurich 2.	True	(?!\(Emmenthal\)|\(Genève\)|\(Mr. Egli; Phone 44.461, Basle\)|\(Vaud\)|\(Grands Magasins Innovation S.A.\)|\(St. Gall\)|\((Grands Magasins Innovation, S.A.)\)|\(agent\)|\(Egypt\)|\(J. Baumgartner\)|\(O. Hauser\)|\(Ch. Mayer, Prop.\)|\(Stockport\)|\(Switzerland\)|\(Burg\)|\(Continental\)|\(1920\)|\(Bury\)|\(England\))\(.{1,150}\),? ?	(for industrial purposes)				1951	37	index	True	(^.{1,30} ? (Frères|Brothers|Co\.|& Co\.,|Ltd\.|& Cie.,|S\. A\.,|A\.-G\.,|A\. G\.) ?(S. A.)?|^[A-Z]. [A-Z]. \w{1,10}|^ ?[A-Z][a-z]{1,3}\. \w{1,10}-?\w{1,10}|^\w{1,10} & \w{1,10}|^ ?[A-Z]. \w{1,10}|.{1,100} Co\.|^[A-Z][a-z]{1,10} [A-Z][a-z]{1,10},)	Novavita Ltd.									
Plüss-Staufer Ltd. (industrial chemical and textile auxiliaries), Oftringen.	True	(?!\(Emmenthal\)|\(Genève\)|\(Mr. Egli; Phone 44.461, Basle\)|\(Vaud\)|\(Grands Magasins Innovation S.A.\)|\(St. Gall\)|\((Grands Magasins Innovation, S.A.)\)|\(agent\)|\(Egypt\)|\(J. Baumgartner\)|\(O. Hauser\)|\(Ch. Mayer, Prop.\)|\(Stockport\)|\(Switzerland\)|\(Burg\)|\(Continental\)|\(1920\)|\(Bury\)|\(England\))\(.{1,150}\),? ?	(industrial chemical and textile auxiliaries)				1951	37	index	True	(^.{1,30} ? (Frères|Brothers|Co\.|& Co\.,|Ltd\.|& Cie.,|S\. A\.,|A\.-G\.,|A\. G\.) ?(S. A.)?|^[A-Z]. [A-Z]. \w{1,10}|^ ?[A-Z][a-z]{1,3}\. \w{1,10}-?\w{1,10}|^\w{1,10} & \w{1,10}|^ ?[A-Z]. \w{1,10}|.{1,100} Co\.|^[A-Z][a-z]{1,10} [A-Z][a-z]{1,10},)	Plüss-Staufer Ltd.	True	Oftringen.	Oftringen.						
Prifa Ltd., 10, Obere Zäune, Zürich 1							1951	37	index	True	(^.{1,30} ? (Frères|Brothers|Co\.|& Co\.,|Ltd\.|& Cie.,|S\. A\.,|A\.-G\.,|A\. G\.) ?(S. A.)?|^[A-Z]. [A-Z]. \w{1,10}|^ ?[A-Z][a-z]{1,3}\. \w{1,10}-?\w{1,10}|^\w{1,10} & \w{1,10}|^ ?[A-Z]. \w{1,10}|.{1,100} Co\.|^[A-Z][a-z]{1,10} [A-Z][a-z]{1,10},)	Prifa Ltd.									
Hans Rahn & Co. (importers of fine and heavy), 30, Talacker, Zürich 1	True	(?!\(Emmenthal\)|\(Genève\)|\(Mr. Egli; Phone 44.461, Basle\)|\(Vaud\)|\(Grands Magasins Innovation S.A.\)|\(St. Gall\)|\((Grands Magasins Innovation, S.A.)\)|\(agent\)|\(Egypt\)|\(J. Baumgartner\)|\(O. Hauser\)|\(Ch. Mayer, Prop.\)|\(Stockport\)|\(Switzerland\)|\(Burg\)|\(Continental\)|\(1920\)|\(Bury\)|\(England\))\(.{1,150}\),? ?	(importers of fine and heavy)				1951	37	index	True	(^.{1,30} ? (Frères|Brothers|Co\.|& Co\.,|Ltd\.|& Cie.,|S\. A\.,|A\.-G\.,|A\. G\.) ?(S. A.)?|^[A-Z]. [A-Z]. \w{1,10}|^ ?[A-Z][a-z]{1,3}\. \w{1,10}-?\w{1,10}|^\w{1,10} & \w{1,10}|^ ?[A-Z]. \w{1,10}|.{1,100} Co\.|^[A-Z][a-z]{1,10} [A-Z][a-z]{1,10},)	Hans Rahn & Co.									
Emil Scheller & Co. Ltd. (importers of all kinds), 21, Hottingerstrasse, Zurich 32.	True	(?!\(Emmenthal\)|\(Genève\)|\(Mr. Egli; Phone 44.461, Basle\)|\(Vaud\)|\(Grands Magasins Innovation S.A.\)|\(St. Gall\)|\((Grands Magasins Innovation, S.A.)\)|\(agent\)|\(Egypt\)|\(J. Baumgartner\)|\(O. Hauser\)|\(Ch. Mayer, Prop.\)|\(Stockport\)|\(Switzerland\)|\(Burg\)|\(Continental\)|\(1920\)|\(Bury\)|\(England\))\(.{1,150}\),? ?	(importers of all kinds)	True	([0-9]{1,4}(,|\.) [A-Z].{1,15}(sprung|quai|berg|rain|vorstadt|weg|allee|gasse|graben|strasse|platz| Street| Road)|[0-9]{1,4}(,|\.)? (rue de la|Route des|Route de|Boulevard de|Charing|Via|Pall|Avenue de|Rue|Rue de|Grand|Rue du|rue|St.|Avenue|Place|Avenue de la|Rue de la|Ruelle) [A-Z].{1,15},|[A-Z][a-z]{1,10} (E.| W. S.) [0-9]{1,3})	21, Hottingerstrasse	1951	37	index	True	(^.{1,30} ? (Frères|Brothers|Co\.|& Co\.,|Ltd\.|& Cie.,|S\. A\.,|A\.-G\.,|A\. G\.) ?(S. A.)?|^[A-Z]. [A-Z]. \w{1,10}|^ ?[A-Z][a-z]{1,3}\. \w{1,10}-?\w{1,10}|^\w{1,10} & \w{1,10}|^ ?[A-Z]. \w{1,10}|.{1,100} Co\.|^[A-Z][a-z]{1,10} [A-Z][a-z]{1,10},)	Emil Scheller & Co. Ltd.									
A. Schubarth & Co., 85, Elisabethenstrasse, Basle				True	([0-9]{1,4}(,|\.) [A-Z].{1,15}(sprung|quai|berg|rain|vorstadt|weg|allee|gasse|graben|strasse|platz| Street| Road)|[0-9]{1,4}(,|\.)? (rue de la|Route des|Route de|Boulevard de|Charing|Via|Pall|Avenue de|Rue|Rue de|Grand|Rue du|rue|St.|Avenue|Place|Avenue de la|Rue de la|Ruelle) [A-Z].{1,15},|[A-Z][a-z]{1,10} (E.| W. S.) [0-9]{1,3})	85, Elisabethenstrasse	1951	37	index	True	(^.{1,30} ? (Frères|Brothers|Co\.|& Co\.,|Ltd\.|& Cie.,|S\. A\.,|A\.-G\.,|A\. G\.) ?(S. A.)?|^[A-Z]. [A-Z]. \w{1,10}|^ ?[A-Z][a-z]{1,3}\. \w{1,10}-?\w{1,10}|^\w{1,10} & \w{1,10}|^ ?[A-Z]. \w{1,10}|.{1,100} Co\.|^[A-Z][a-z]{1,10} [A-Z][a-z]{1,10},)	A. Schubarth & Co.									
Schweizerhall Ltd. (Importers and exporters of chemical, solvents, plasticiers, resins; importers of cattle food), 229, Elsasserstrasse, Basle.	True	(?!\(Emmenthal\)|\(Genève\)|\(Mr. Egli; Phone 44.461, Basle\)|\(Vaud\)|\(Grands Magasins Innovation S.A.\)|\(St. Gall\)|\((Grands Magasins Innovation, S.A.)\)|\(agent\)|\(Egypt\)|\(J. Baumgartner\)|\(O. Hauser\)|\(Ch. Mayer, Prop.\)|\(Stockport\)|\(Switzerland\)|\(Burg\)|\(Continental\)|\(1920\)|\(Bury\)|\(England\))\(.{1,150}\),? ?	(Importers and exporters of chemical, solvents, plasticiers, resins; importers of cattle food)	True	([0-9]{1,4}(,|\.) [A-Z].{1,15}(sprung|quai|berg|rain|vorstadt|weg|allee|gasse|graben|strasse|platz| Street| Road)|[0-9]{1,4}(,|\.)? (rue de la|Route des|Route de|Boulevard de|Charing|Via|Pall|Avenue de|Rue|Rue de|Grand|Rue du|rue|St.|Avenue|Place|Avenue de la|Rue de la|Ruelle) [A-Z].{1,15},|[A-Z][a-z]{1,10} (E.| W. S.) [0-9]{1,3})	229, Elsasserstrasse	1951	37	index	True	(^.{1,30} ? (Frères|Brothers|Co\.|& Co\.,|Ltd\.|& Cie.,|S\. A\.,|A\.-G\.,|A\. G\.) ?(S. A.)?|^[A-Z]. [A-Z]. \w{1,10}|^ ?[A-Z][a-z]{1,3}\. \w{1,10}-?\w{1,10}|^\w{1,10} & \w{1,10}|^ ?[A-Z]. \w{1,10}|.{1,100} Co\.|^[A-Z][a-z]{1,10} [A-Z][a-z]{1,10},)	Schweizerhall Ltd.	True	Basle.	Basle.						
B. Siegfried Ltd., Zofingen.							1951	37	index	True	(^.{1,30} ? (Frères|Brothers|Co\.|& Co\.,|Ltd\.|& Cie.,|S\. A\.,|A\.-G\.,|A\. G\.) ?(S. A.)?|^[A-Z]. [A-Z]. \w{1,10}|^ ?[A-Z][a-z]{1,3}\. \w{1,10}-?\w{1,10}|^\w{1,10} & \w{1,10}|^ ?[A-Z]. \w{1,10}|.{1,100} Co\.|^[A-Z][a-z]{1,10} [A-Z][a-z]{1,10},)	B. Siegfried Ltd.	True	Zofingen.	Zofingen.						
Sugro Ltd. (also aromatic), 21, Sevogelstrasse, Basle.	True	(?!\(Emmenthal\)|\(Genève\)|\(Mr. Egli; Phone 44.461, Basle\)|\(Vaud\)|\(Grands Magasins Innovation S.A.\)|\(St. Gall\)|\((Grands Magasins Innovation, S.A.)\)|\(agent\)|\(Egypt\)|\(J. Baumgartner\)|\(O. Hauser\)|\(Ch. Mayer, Prop.\)|\(Stockport\)|\(Switzerland\)|\(Burg\)|\(Continental\)|\(1920\)|\(Bury\)|\(England\))\(.{1,150}\),? ?	(also aromatic)	True	([0-9]{1,4}(,|\.) [A-Z].{1,15}(sprung|quai|berg|rain|vorstadt|weg|allee|gasse|graben|strasse|platz| Street| Road)|[0-9]{1,4}(,|\.)? (rue de la|Route des|Route de|Boulevard de|Charing|Via|Pall|Avenue de|Rue|Rue de|Grand|Rue du|rue|St.|Avenue|Place|Avenue de la|Rue de la|Ruelle) [A-Z].{1,15},|[A-Z][a-z]{1,10} (E.| W. S.) [0-9]{1,3})	21, Sevogelstrasse	1951	37	index	True	(^.{1,30} ? (Frères|Brothers|Co\.|& Co\.,|Ltd\.|& Cie.,|S\. A\.,|A\.-G\.,|A\. G\.) ?(S. A.)?|^[A-Z]. [A-Z]. \w{1,10}|^ ?[A-Z][a-z]{1,3}\. \w{1,10}-?\w{1,10}|^\w{1,10} & \w{1,10}|^ ?[A-Z]. \w{1,10}|.{1,100} Co\.|^[A-Z][a-z]{1,10} [A-Z][a-z]{1,10},)	Sugro Ltd.	True	Basle.	Basle.						
H. C. Summerer (fine and heavy), 211, Bellerivestrasse, Zurich 8.	True	(?!\(Emmenthal\)|\(Genève\)|\(Mr. Egli; Phone 44.461, Basle\)|\(Vaud\)|\(Grands Magasins Innovation S.A.\)|\(St. Gall\)|\((Grands Magasins Innovation, S.A.)\)|\(agent\)|\(Egypt\)|\(J. Baumgartner\)|\(O. Hauser\)|\(Ch. Mayer, Prop.\)|\(Stockport\)|\(Switzerland\)|\(Burg\)|\(Continental\)|\(1920\)|\(Bury\)|\(England\))\(.{1,150}\),? ?	(fine and heavy)	True	([0-9]{1,4}(,|\.) [A-Z].{1,15}(sprung|quai|berg|rain|vorstadt|weg|allee|gasse|graben|strasse|platz| Street| Road)|[0-9]{1,4}(,|\.)? (rue de la|Route des|Route de|Boulevard de|Charing|Via|Pall|Avenue de|Rue|Rue de|Grand|Rue du|rue|St.|Avenue|Place|Avenue de la|Rue de la|Ruelle) [A-Z].{1,15},|[A-Z][a-z]{1,10} (E.| W. S.) [0-9]{1,3})	211, Bellerivestrasse	1951	37	index	True	(^.{1,30} ? (Frères|Brothers|Co\.|& Co\.,|Ltd\.|& Cie.,|S\. A\.,|A\.-G\.,|A\. G\.) ?(S. A.)?|^[A-Z]. [A-Z]. \w{1,10}|^ ?[A-Z][a-z]{1,3}\. \w{1,10}-?\w{1,10}|^\w{1,10} & \w{1,10}|^ ?[A-Z]. \w{1,10}|.{1,100} Co\.|^[A-Z][a-z]{1,10} [A-Z][a-z]{1,10},)	H. C									
Swiss Tanners Trading Co. (dealers in all kinds of chemical, ils and fats for tanneries), 25, Walchestrasse, Zurich 6.	True	(?!\(Emmenthal\)|\(Genève\)|\(Mr. Egli; Phone 44.461, Basle\)|\(Vaud\)|\(Grands Magasins Innovation S.A.\)|\(St. Gall\)|\((Grands Magasins Innovation, S.A.)\)|\(agent\)|\(Egypt\)|\(J. Baumgartner\)|\(O. Hauser\)|\(Ch. Mayer, Prop.\)|\(Stockport\)|\(Switzerland\)|\(Burg\)|\(Continental\)|\(1920\)|\(Bury\)|\(England\))\(.{1,150}\),? ?	(dealers in all kinds of chemical, ils and fats for tanneries)	True	([0-9]{1,4}(,|\.) [A-Z].{1,15}(sprung|quai|berg|rain|vorstadt|weg|allee|gasse|graben|strasse|platz| Street| Road)|[0-9]{1,4}(,|\.)? (rue de la|Route des|Route de|Boulevard de|Charing|Via|Pall|Avenue de|Rue|Rue de|Grand|Rue du|rue|St.|Avenue|Place|Avenue de la|Rue de la|Ruelle) [A-Z].{1,15},|[A-Z][a-z]{1,10} (E.| W. S.) [0-9]{1,3})	25, Walchestrasse	1951	37	index	True	(^.{1,30} ? (Frères|Brothers|Co\.|& Co\.,|Ltd\.|& Cie.,|S\. A\.,|A\.-G\.,|A\. G\.) ?(S. A.)?|^[A-Z]. [A-Z]. \w{1,10}|^ ?[A-Z][a-z]{1,3}\. \w{1,10}-?\w{1,10}|^\w{1,10} & \w{1,10}|^ ?[A-Z]. \w{1,10}|.{1,100} Co\.|^[A-Z][a-z]{1,10} [A-Z][a-z]{1,10},)	Swiss Tanners Trading Co.									
Tracomme Ltd., 11, rue du Mont-Blanc, Geneva.							1951	37	index	True	(^.{1,30} ? (Frères|Brothers|Co\.|& Co\.,|Ltd\.|& Cie.,|S\. A\.,|A\.-G\.,|A\. G\.) ?(S. A.)?|^[A-Z]. [A-Z]. \w{1,10}|^ ?[A-Z][a-z]{1,3}\. \w{1,10}-?\w{1,10}|^\w{1,10} & \w{1,10}|^ ?[A-Z]. \w{1,10}|.{1,100} Co\.|^[A-Z][a-z]{1,10} [A-Z][a-z]{1,10},)	Tracomme Ltd.	True	Geneva.	Geneva.						
Usines de l'Allondon S.A. (aromatic, perfume bases, distillers of essential ois), 3, rue de Beaumont, Geneva.	True	(?!\(Emmenthal\)|\(Genève\)|\(Mr. Egli; Phone 44.461, Basle\)|\(Vaud\)|\(Grands Magasins Innovation S.A.\)|\(St. Gall\)|\((Grands Magasins Innovation, S.A.)\)|\(agent\)|\(Egypt\)|\(J. Baumgartner\)|\(O. Hauser\)|\(Ch. Mayer, Prop.\)|\(Stockport\)|\(Switzerland\)|\(Burg\)|\(Continental\)|\(1920\)|\(Bury\)|\(England\))\(.{1,150}\),? ?	(aromatic, perfume bases, distillers of essential ois)				1951	37	index				True	Geneva.	Geneva.	True	Usines de l'Allondon	Usines de l'Allondon			
A.G. vorm. Emil Vogel, 30. Ottenweg, Zurich 8.				True	([0-9]{1,4}(,|\.) [A-Z].{1,15}(sprung|quai|berg|rain|vorstadt|weg|allee|gasse|graben|strasse|platz| Street| Road)|[0-9]{1,4}(,|\.)? (rue de la|Route des|Route de|Boulevard de|Charing|Via|Pall|Avenue de|Rue|Rue de|Grand|Rue du|rue|St.|Avenue|Place|Avenue de la|Rue de la|Ruelle) [A-Z].{1,15},|[A-Z][a-z]{1,10} (E.| W. S.) [0-9]{1,3})	30. Ottenweg	1951	37	index												
Emil Weisser & Co., 14, Missionsstrasse, Basle.				True	([0-9]{1,4}(,|\.) [A-Z].{1,15}(sprung|quai|berg|rain|vorstadt|weg|allee|gasse|graben|strasse|platz| Street| Road)|[0-9]{1,4}(,|\.)? (rue de la|Route des|Route de|Boulevard de|Charing|Via|Pall|Avenue de|Rue|Rue de|Grand|Rue du|rue|St.|Avenue|Place|Avenue de la|Rue de la|Ruelle) [A-Z].{1,15},|[A-Z][a-z]{1,10} (E.| W. S.) [0-9]{1,3})	14, Missionsstrasse	1951	37	index	True	(^.{1,30} ? (Frères|Brothers|Co\.|& Co\.,|Ltd\.|& Cie.,|S\. A\.,|A\.-G\.,|A\. G\.) ?(S. A.)?|^[A-Z]. [A-Z]. \w{1,10}|^ ?[A-Z][a-z]{1,3}\. \w{1,10}-?\w{1,10}|^\w{1,10} & \w{1,10}|^ ?[A-Z]. \w{1,10}|.{1,100} Co\.|^[A-Z][a-z]{1,10} [A-Z][a-z]{1,10},)	Emil Weisser & Co.	True	Basle.	Basle.						
Chocolate Manufacturers							1951	37	index										True	(([A-Z][a-z]{1,10})? ?([A-Z][a-z]{1,10}) \(([A-Z][a-z]{1,10})? ?([a-z]{1,15})?,? ?([a-z]{1,15})\)$|^ ?[A-Z][a-z]{1,20}(( and | und )? ?-?[A-Z][a-z]{1,20})?( and | und )?( ?[A-Z][a-z]{1,20})?( ?\([A-Z][a-z]{1,10}\))?$|^ ?[A-Z][a-z]{1,10} \([A-Z][a-z]{1,10}\) [A-Z][a-z]{1,15}$)	Chocolate Manufacturers
Chocolat Stella S.A., Lugano							1951	37	index												
Chocolat Suchard Ltd., Serrières-Neuchatel.							1951	37	index	True	(^.{1,30} ? (Frères|Brothers|Co\.|& Co\.,|Ltd\.|& Cie.,|S\. A\.,|A\.-G\.,|A\. G\.) ?(S. A.)?|^[A-Z]. [A-Z]. \w{1,10}|^ ?[A-Z][a-z]{1,3}\. \w{1,10}-?\w{1,10}|^\w{1,10} & \w{1,10}|^ ?[A-Z]. \w{1,10}|.{1,100} Co\.|^[A-Z][a-z]{1,10} [A-Z][a-z]{1,10},)	Chocolat Suchard Ltd.	True	Neuchatel.	Neuchatel.						
Fabrique de Chocolat et de Produits alimentaires de Villars S.A., Fribourg.							1951	37	index				True	Fribourg.	Fribourg.						
Nestlé Products Co. Ltd., Vevey							1951	37	index	True	(^.{1,30} ? (Frères|Brothers|Co\.|& Co\.,|Ltd\.|& Cie.,|S\. A\.,|A\.-G\.,|A\. G\.) ?(S. A.)?|^[A-Z]. [A-Z]. \w{1,10}|^ ?[A-Z][a-z]{1,3}\. \w{1,10}-?\w{1,10}|^\w{1,10} & \w{1,10}|^ ?[A-Z]. \w{1,10}|.{1,100} Co\.|^[A-Z][a-z]{1,10} [A-Z][a-z]{1,10},)	Nestlé Products Co. Ltd.									
Walter Niederhauser, Herzogenbuchsee.							1951	37	index				True	Herzogenbuchsee.	Herzogenbuchsee.						
Cider Manufacturers							1951	37	index										True	(([A-Z][a-z]{1,10})? ?([A-Z][a-z]{1,10}) \(([A-Z][a-z]{1,10})? ?([a-z]{1,15})?,? ?([a-z]{1,15})\)$|^ ?[A-Z][a-z]{1,20}(( and | und )? ?-?[A-Z][a-z]{1,20})?( and | und )?( ?[A-Z][a-z]{1,20})?( ?\([A-Z][a-z]{1,10}\))?$|^ ?[A-Z][a-z]{1,10} \([A-Z][a-z]{1,10}\) [A-Z][a-z]{1,15}$)	Cider Manufacturers
Freiämter Mosterei, Muri.							1951	37	index												
Cigars and Cigarettes							1951	37	index										True	(([A-Z][a-z]{1,10})? ?([A-Z][a-z]{1,10}) \(([A-Z][a-z]{1,10})? ?([a-z]{1,15})?,? ?([a-z]{1,15})\)$|^ ?[A-Z][a-z]{1,20}(( and | und )? ?-?[A-Z][a-z]{1,20})?( and | und )?( ?[A-Z][a-z]{1,20})?( ?\([A-Z][a-z]{1,10}\))?$|^ ?[A-Z][a-z]{1,10} \([A-Z][a-z]{1,10}\) [A-Z][a-z]{1,15}$)	Cigars and Cigarettes
British-American Tobacco Co. Ltd. (manufacturers), 43, route des Acacias. Geneva.	True	(?!\(Emmenthal\)|\(Genève\)|\(Mr. Egli; Phone 44.461, Basle\)|\(Vaud\)|\(Grands Magasins Innovation S.A.\)|\(St. Gall\)|\((Grands Magasins Innovation, S.A.)\)|\(agent\)|\(Egypt\)|\(J. Baumgartner\)|\(O. Hauser\)|\(Ch. Mayer, Prop.\)|\(Stockport\)|\(Switzerland\)|\(Burg\)|\(Continental\)|\(1920\)|\(Bury\)|\(England\))\(.{1,150}\),? ?	(manufacturers)				1951	37	index	True	(^.{1,30} ? (Frères|Brothers|Co\.|& Co\.,|Ltd\.|& Cie.,|S\. A\.,|A\.-G\.,|A\. G\.) ?(S. A.)?|^[A-Z]. [A-Z]. \w{1,10}|^ ?[A-Z][a-z]{1,3}\. \w{1,10}-?\w{1,10}|^\w{1,10} & \w{1,10}|^ ?[A-Z]. \w{1,10}|.{1,100} Co\.|^[A-Z][a-z]{1,10} [A-Z][a-z]{1,10},)	British-American Tobacco Co. Ltd.	True	Geneva.	Geneva.						
A. Dürr & Co. A.G. (importers and wholesalers), 12/14, Konradstrasse, Zürich 3. Ch. Margot & Co. Ltd. (Importers, exporters and wholesalers), 12, place St-Fran¬ çois, Lausanne.	True	(?!\(Emmenthal\)|\(Genève\)|\(Mr. Egli; Phone 44.461, Basle\)|\(Vaud\)|\(Grands Magasins Innovation S.A.\)|\(St. Gall\)|\((Grands Magasins Innovation, S.A.)\)|\(agent\)|\(Egypt\)|\(J. Baumgartner\)|\(O. Hauser\)|\(Ch. Mayer, Prop.\)|\(Stockport\)|\(Switzerland\)|\(Burg\)|\(Continental\)|\(1920\)|\(Bury\)|\(England\))\(.{1,150}\),? ?	(importers and wholesalers), 12/14, Konradstrasse, Zürich 3. Ch. Margot & Co. Ltd. (Importers, exporters and wholesalers)	True	([0-9]{1,4}(,|\.) [A-Z].{1,15}(sprung|quai|berg|rain|vorstadt|weg|allee|gasse|graben|strasse|platz| Street| Road)|[0-9]{1,4}(,|\.)? (rue de la|Route des|Route de|Boulevard de|Charing|Via|Pall|Avenue de|Rue|Rue de|Grand|Rue du|rue|St.|Avenue|Place|Avenue de la|Rue de la|Ruelle) [A-Z].{1,15},|[A-Z][a-z]{1,10} (E.| W. S.) [0-9]{1,3})	14, Konradstrasse	1951	37	index	True	(^.{1,30} ? (Frères|Brothers|Co\.|& Co\.,|Ltd\.|& Cie.,|S\. A\.,|A\.-G\.,|A\. G\.) ?(S. A.)?|^[A-Z]. [A-Z]. \w{1,10}|^ ?[A-Z][a-z]{1,3}\. \w{1,10}-?\w{1,10}|^\w{1,10} & \w{1,10}|^ ?[A-Z]. \w{1,10}|.{1,100} Co\.|^[A-Z][a-z]{1,10} [A-Z][a-z]{1,10},)	A. Dürr & Co.	True	Lausanne.	Lausanne.						
Müller & Co. Ltd. (Importers and wholesalers), 83, Engelgasse, Basle.	True	(?!\(Emmenthal\)|\(Genève\)|\(Mr. Egli; Phone 44.461, Basle\)|\(Vaud\)|\(Grands Magasins Innovation S.A.\)|\(St. Gall\)|\((Grands Magasins Innovation, S.A.)\)|\(agent\)|\(Egypt\)|\(J. Baumgartner\)|\(O. Hauser\)|\(Ch. Mayer, Prop.\)|\(Stockport\)|\(Switzerland\)|\(Burg\)|\(Continental\)|\(1920\)|\(Bury\)|\(England\))\(.{1,150}\),? ?	(Importers and wholesalers)	True	([0-9]{1,4}(,|\.) [A-Z].{1,15}(sprung|quai|berg|rain|vorstadt|weg|allee|gasse|graben|strasse|platz| Street| Road)|[0-9]{1,4}(,|\.)? (rue de la|Route des|Route de|Boulevard de|Charing|Via|Pall|Avenue de|Rue|Rue de|Grand|Rue du|rue|St.|Avenue|Place|Avenue de la|Rue de la|Ruelle) [A-Z].{1,15},|[A-Z][a-z]{1,10} (E.| W. S.) [0-9]{1,3})	83, Engelgasse	1951	37	index	True	(^.{1,30} ? (Frères|Brothers|Co\.|& Co\.,|Ltd\.|& Cie.,|S\. A\.,|A\.-G\.,|A\. G\.) ?(S. A.)?|^[A-Z]. [A-Z]. \w{1,10}|^ ?[A-Z][a-z]{1,3}\. \w{1,10}-?\w{1,10}|^\w{1,10} & \w{1,10}|^ ?[A-Z]. \w{1,10}|.{1,100} Co\.|^[A-Z][a-z]{1,10} [A-Z][a-z]{1,10},)	Müller & Co. Ltd.	True	Basle.	Basle.						
Weitnauer & Co. (importers, exporters and wholesalers), 36, Petersgasse, Basle.	True	(?!\(Emmenthal\)|\(Genève\)|\(Mr. Egli; Phone 44.461, Basle\)|\(Vaud\)|\(Grands Magasins Innovation S.A.\)|\(St. Gall\)|\((Grands Magasins Innovation, S.A.)\)|\(agent\)|\(Egypt\)|\(J. Baumgartner\)|\(O. Hauser\)|\(Ch. Mayer, Prop.\)|\(Stockport\)|\(Switzerland\)|\(Burg\)|\(Continental\)|\(1920\)|\(Bury\)|\(England\))\(.{1,150}\),? ?	(importers, exporters and wholesalers)	True	([0-9]{1,4}(,|\.) [A-Z].{1,15}(sprung|quai|berg|rain|vorstadt|weg|allee|gasse|graben|strasse|platz| Street| Road)|[0-9]{1,4}(,|\.)? (rue de la|Route des|Route de|Boulevard de|Charing|Via|Pall|Avenue de|Rue|Rue de|Grand|Rue du|rue|St.|Avenue|Place|Avenue de la|Rue de la|Ruelle) [A-Z].{1,15},|[A-Z][a-z]{1,10} (E.| W. S.) [0-9]{1,3})	36, Petersgasse	1951	37	index	True	(^.{1,30} ? (Frères|Brothers|Co\.|& Co\.,|Ltd\.|& Cie.,|S\. A\.,|A\.-G\.,|A\. G\.) ?(S. A.)?|^[A-Z]. [A-Z]. \w{1,10}|^ ?[A-Z][a-z]{1,3}\. \w{1,10}-?\w{1,10}|^\w{1,10} & \w{1,10}|^ ?[A-Z]. \w{1,10}|.{1,100} Co\.|^[A-Z][a-z]{1,10} [A-Z][a-z]{1,10},)	Weitnauer & Co.	True	Basle.	Basle.						
Clothing and Costumes							1951	37	index										True	(([A-Z][a-z]{1,10})? ?([A-Z][a-z]{1,10}) \(([A-Z][a-z]{1,10})? ?([a-z]{1,15})?,? ?([a-z]{1,15})\)$|^ ?[A-Z][a-z]{1,20}(( and | und )? ?-?[A-Z][a-z]{1,20})?( and | und )?( ?[A-Z][a-z]{1,20})?( ?\([A-Z][a-z]{1,10}\))?$|^ ?[A-Z][a-z]{1,10} \([A-Z][a-z]{1,10}\) [A-Z][a-z]{1,15}$)	Clothing and Costumes
Annabelle (René Bloch), 24, rue de Bourg, Lausanne.	True	(?!\(Emmenthal\)|\(Genève\)|\(Mr. Egli; Phone 44.461, Basle\)|\(Vaud\)|\(Grands Magasins Innovation S.A.\)|\(St. Gall\)|\((Grands Magasins Innovation, S.A.)\)|\(agent\)|\(Egypt\)|\(J. Baumgartner\)|\(O. Hauser\)|\(Ch. Mayer, Prop.\)|\(Stockport\)|\(Switzerland\)|\(Burg\)|\(Continental\)|\(1920\)|\(Bury\)|\(England\))\(.{1,150}\),? ?	(René Bloch)				1951	37	index				True	Lausanne.	Lausanne.						
F. B. Atkins Ltd. (manufacturers of children's frocks, buster suits, in all fabrica, plain and printed), Atkins Works, Faraday Road, Lenton, Nottingham.	True	(?!\(Emmenthal\)|\(Genève\)|\(Mr. Egli; Phone 44.461, Basle\)|\(Vaud\)|\(Grands Magasins Innovation S.A.\)|\(St. Gall\)|\((Grands Magasins Innovation, S.A.)\)|\(agent\)|\(Egypt\)|\(J. Baumgartner\)|\(O. Hauser\)|\(Ch. Mayer, Prop.\)|\(Stockport\)|\(Switzerland\)|\(Burg\)|\(Continental\)|\(1920\)|\(Bury\)|\(England\))\(.{1,150}\),? ?	(manufacturers of children's frocks, buster suits, in all fabrica, plain and printed)				1951	37	index	True	(^.{1,30} ? (Frères|Brothers|Co\.|& Co\.,|Ltd\.|& Cie.,|S\. A\.,|A\.-G\.,|A\. G\.) ?(S. A.)?|^[A-Z]. [A-Z]. \w{1,10}|^ ?[A-Z][a-z]{1,3}\. \w{1,10}-?\w{1,10}|^\w{1,10} & \w{1,10}|^ ?[A-Z]. \w{1,10}|.{1,100} Co\.|^[A-Z][a-z]{1,10} [A-Z][a-z]{1,10},)	F. B. Atkins Ltd.	True	Nottingham.	Nottingham.						
Aux Nouveautés S.A., Bon Génie, 34, rue du Marché, Geneva.							1951	37	index				True	Geneva.	Geneva.						
Beltex Ltd. (manufacturers of men's shirts, pyjamas and sports wear), Arzo (Tessin).	True	(?!\(Emmenthal\)|\(Genève\)|\(Mr. Egli; Phone 44.461, Basle\)|\(Vaud\)|\(Grands Magasins Innovation S.A.\)|\(St. Gall\)|\((Grands Magasins Innovation, S.A.)\)|\(agent\)|\(Egypt\)|\(J. Baumgartner\)|\(O. Hauser\)|\(Ch. Mayer, Prop.\)|\(Stockport\)|\(Switzerland\)|\(Burg\)|\(Continental\)|\(1920\)|\(Bury\)|\(England\))\(.{1,150}\),? ?	(manufacturers of men's shirts, pyjamas and sports wear), Arzo (Tessin)				1951	37	index	True	(^.{1,30} ? (Frères|Brothers|Co\.|& Co\.,|Ltd\.|& Cie.,|S\. A\.,|A\.-G\.,|A\. G\.) ?(S. A.)?|^[A-Z]. [A-Z]. \w{1,10}|^ ?[A-Z][a-z]{1,3}\. \w{1,10}-?\w{1,10}|^\w{1,10} & \w{1,10}|^ ?[A-Z]. \w{1,10}|.{1,100} Co\.|^[A-Z][a-z]{1,10} [A-Z][a-z]{1,10},)	Beltex Ltd.									
Charles Bollag Sons (manufacturers of gentlemens clothing), 35, Löwenstrasse, Zurich 1.	True	(?!\(Emmenthal\)|\(Genève\)|\(Mr. Egli; Phone 44.461, Basle\)|\(Vaud\)|\(Grands Magasins Innovation S.A.\)|\(St. Gall\)|\((Grands Magasins Innovation, S.A.)\)|\(agent\)|\(Egypt\)|\(J. Baumgartner\)|\(O. Hauser\)|\(Ch. Mayer, Prop.\)|\(Stockport\)|\(Switzerland\)|\(Burg\)|\(Continental\)|\(1920\)|\(Bury\)|\(England\))\(.{1,150}\),? ?	(manufacturers of gentlemens clothing)	True	([0-9]{1,4}(,|\.) [A-Z].{1,15}(sprung|quai|berg|rain|vorstadt|weg|allee|gasse|graben|strasse|platz| Street| Road)|[0-9]{1,4}(,|\.)? (rue de la|Route des|Route de|Boulevard de|Charing|Via|Pall|Avenue de|Rue|Rue de|Grand|Rue du|rue|St.|Avenue|Place|Avenue de la|Rue de la|Ruelle) [A-Z].{1,15},|[A-Z][a-z]{1,10} (E.| W. S.) [0-9]{1,3})	35, Löwenstrasse	1951	37	index												
E. Bosshard (gentlemen's ready made and made to measure clothing), 12, Usteri¬ strasse, Zürich 1.	True	(?!\(Emmenthal\)|\(Genève\)|\(Mr. Egli; Phone 44.461, Basle\)|\(Vaud\)|\(Grands Magasins Innovation S.A.\)|\(St. Gall\)|\((Grands Magasins Innovation, S.A.)\)|\(agent\)|\(Egypt\)|\(J. Baumgartner\)|\(O. Hauser\)|\(Ch. Mayer, Prop.\)|\(Stockport\)|\(Switzerland\)|\(Burg\)|\(Continental\)|\(1920\)|\(Bury\)|\(England\))\(.{1,150}\),? ?	(gentlemen's ready made and made to measure clothing)	True	([0-9]{1,4}(,|\.) [A-Z].{1,15}(sprung|quai|berg|rain|vorstadt|weg|allee|gasse|graben|strasse|platz| Street| Road)|[0-9]{1,4}(,|\.)? (rue de la|Route des|Route de|Boulevard de|Charing|Via|Pall|Avenue de|Rue|Rue de|Grand|Rue du|rue|St.|Avenue|Place|Avenue de la|Rue de la|Ruelle) [A-Z].{1,15},|[A-Z][a-z]{1,10} (E.| W. S.) [0-9]{1,3})	12, Usteri¬ strasse	1951	37	index	True	(^.{1,30} ? (Frères|Brothers|Co\.|& Co\.,|Ltd\.|& Cie.,|S\. A\.,|A\.-G\.,|A\. G\.) ?(S. A.)?|^[A-Z]. [A-Z]. \w{1,10}|^ ?[A-Z][a-z]{1,3}\. \w{1,10}-?\w{1,10}|^\w{1,10} & \w{1,10}|^ ?[A-Z]. \w{1,10}|.{1,100} Co\.|^[A-Z][a-z]{1,10} [A-Z][a-z]{1,10},)	E. Bosshard									
