transcription	location_list_match	location_list_item	location_list_result	company_pattern_match	company_pattern_item	company_pattern_result	goods_pattern_match	goods_pattern_item	goods_pattern_result	address_pattern_match	address_pattern_item	address_pattern_result	year	page	range_definition	title_pattern_match	title_pattern_item	title_pattern_result
Schweizerhall Ltd. manufacturers of fertilizers (superphosphates), 229, Elsasser¬ strasse, Basle.	True	Basle.	Basle.	True	(^.{1,30} ? (Frères|Brothers|Co\.|& Co\.,|Ltd\.|& Cie.,|S\. A\.,|A\.-G\.,|A\. G\.) ?(S. A.)?|^[A-Z]. [A-Z]. \w{1,10}|^ ?[A-Z][a-z]{1,3}\. \w{1,10}-?\w{1,10}|^\w{1,10} & \w{1,10}|^ ?[A-Z]. \w{1,10}|.{1,100} Co\.|^[A-Z][a-z]{1,10} [A-Z][a-z]{1,10},)	Schweizerhall Ltd.	True	(?!\(Mr. Egli; Phone 44.461, Basle\)|\(Vaud\)|\(Grands Magasins Innovation S.A.\)|\(St. Gall\)|\((Grands Magasins Innovation, S.A.)\)|\(agent\)|\(Egypt\)|\(J. Baumgartner\)|\(O. Hauser\)|\(Ch. Mayer, Prop.\)|\(Stockport\)|\(Switzerland\)|\(Burg\)|\(Continental\)|\(1920\)|\(Bury\)|\(England\))\(.{1,150}\),? ?	(superphosphates)	True	([0-9]{1,4}(,|\.) [A-Z].{1,15}(sprung|quai|berg|rain|vorstadt|weg|allee|gasse|graben|strasse|platz| Street| Road)|[0-9]{1,4}(,|\.)? (rue de la|Route des|Route de|Boulevard de|Charing|Via|Pall|Avenue de|Rue|Rue de|Grand|Rue du|rue|St.|Avenue|Place|Avenue de la|Rue de la|Ruelle) [A-Z].{1,15},|[A-Z][a-z]{1,10} (E.| W. S.) [0-9]{1,3})	229, Elsasser¬ strasse	1951	36	index			
B. Siegfried Ltd., Zofingen.	True	Zofingen.	Zofingen.	True	(^.{1,30} ? (Frères|Brothers|Co\.|& Co\.,|Ltd\.|& Cie.,|S\. A\.,|A\.-G\.,|A\. G\.) ?(S. A.)?|^[A-Z]. [A-Z]. \w{1,10}|^ ?[A-Z][a-z]{1,3}\. \w{1,10}-?\w{1,10}|^\w{1,10} & \w{1,10}|^ ?[A-Z]. \w{1,10}|.{1,100} Co\.|^[A-Z][a-z]{1,10} [A-Z][a-z]{1,10},)	B. Siegfried Ltd.							1951	36	index			
Usines de l’Allondon S.A. (aromatic, perfume bases, distillers of essential ois), 3, rue de Beaumont, Geneva.	True	Geneva.	Geneva.				True	(?!\(Mr. Egli; Phone 44.461, Basle\)|\(Vaud\)|\(Grands Magasins Innovation S.A.\)|\(St. Gall\)|\((Grands Magasins Innovation, S.A.)\)|\(agent\)|\(Egypt\)|\(J. Baumgartner\)|\(O. Hauser\)|\(Ch. Mayer, Prop.\)|\(Stockport\)|\(Switzerland\)|\(Burg\)|\(Continental\)|\(1920\)|\(Bury\)|\(England\))\(.{1,150}\),? ?	(aromatic, perfume bases, distillers of essential ois)				1951	36	index			
Anthony Ziegler, 46/48, Höfliweg, Zurich 55.										True	([0-9]{1,4}(,|\.) [A-Z].{1,15}(sprung|quai|berg|rain|vorstadt|weg|allee|gasse|graben|strasse|platz| Street| Road)|[0-9]{1,4}(,|\.)? (rue de la|Route des|Route de|Boulevard de|Charing|Via|Pall|Avenue de|Rue|Rue de|Grand|Rue du|rue|St.|Avenue|Place|Avenue de la|Rue de la|Ruelle) [A-Z].{1,15},|[A-Z][a-z]{1,10} (E.| W. S.) [0-9]{1,3})	48, Höfliweg	1951	36	index			
Chemical Merchants													1951	36	index	True	(([A-Z][a-z]{1,10})? ?([A-Z][a-z]{1,10}) \(([A-Z][a-z]{1,10})? ?([a-z]{1,15})?,? ?([a-z]{1,15})\)$|^ ?[A-Z][a-z]{1,20}(( and | und )? ?-?[A-Z][a-z]{1,20})?( and | und )?( ?[A-Z][a-z]{1,20})?( ?\([A-Z][a-z]{1,10}\))?$|^ ?[A-Z][a-z]{1,10} \([A-Z][a-z]{1,10}\) [A-Z][a-z]{1,15}$)	Chemical Merchants
Abt-Turier & Co. Ltd., 20, Aeschengraben, Basle.	True	Basle.	Basle.	True	(^.{1,30} ? (Frères|Brothers|Co\.|& Co\.,|Ltd\.|& Cie.,|S\. A\.,|A\.-G\.,|A\. G\.) ?(S. A.)?|^[A-Z]. [A-Z]. \w{1,10}|^ ?[A-Z][a-z]{1,3}\. \w{1,10}-?\w{1,10}|^\w{1,10} & \w{1,10}|^ ?[A-Z]. \w{1,10}|.{1,100} Co\.|^[A-Z][a-z]{1,10} [A-Z][a-z]{1,10},)	Abt-Turier & Co. Ltd.				True	([0-9]{1,4}(,|\.) [A-Z].{1,15}(sprung|quai|berg|rain|vorstadt|weg|allee|gasse|graben|strasse|platz| Street| Road)|[0-9]{1,4}(,|\.)? (rue de la|Route des|Route de|Boulevard de|Charing|Via|Pall|Avenue de|Rue|Rue de|Grand|Rue du|rue|St.|Avenue|Place|Avenue de la|Rue de la|Ruelle) [A-Z].{1,15},|[A-Z][a-z]{1,10} (E.| W. S.) [0-9]{1,3})	20, Aeschengraben	1951	36	index			
Amalgamations Ltd., 202, Mount Road, Madras (Southern India).				True	(^.{1,30} ? (Frères|Brothers|Co\.|& Co\.,|Ltd\.|& Cie.,|S\. A\.,|A\.-G\.,|A\. G\.) ?(S. A.)?|^[A-Z]. [A-Z]. \w{1,10}|^ ?[A-Z][a-z]{1,3}\. \w{1,10}-?\w{1,10}|^\w{1,10} & \w{1,10}|^ ?[A-Z]. \w{1,10}|.{1,100} Co\.|^[A-Z][a-z]{1,10} [A-Z][a-z]{1,10},)	Amalgamations Ltd.	True	(?!\(Mr. Egli; Phone 44.461, Basle\)|\(Vaud\)|\(Grands Magasins Innovation S.A.\)|\(St. Gall\)|\((Grands Magasins Innovation, S.A.)\)|\(agent\)|\(Egypt\)|\(J. Baumgartner\)|\(O. Hauser\)|\(Ch. Mayer, Prop.\)|\(Stockport\)|\(Switzerland\)|\(Burg\)|\(Continental\)|\(1920\)|\(Bury\)|\(England\))\(.{1,150}\),? ?	(Southern India)	True	([0-9]{1,4}(,|\.) [A-Z].{1,15}(sprung|quai|berg|rain|vorstadt|weg|allee|gasse|graben|strasse|platz| Street| Road)|[0-9]{1,4}(,|\.)? (rue de la|Route des|Route de|Boulevard de|Charing|Via|Pall|Avenue de|Rue|Rue de|Grand|Rue du|rue|St.|Avenue|Place|Avenue de la|Rue de la|Ruelle) [A-Z].{1,15},|[A-Z][a-z]{1,10} (E.| W. S.) [0-9]{1,3})	202, Mount Road	1951	36	index			
AMIDRO (Swiss Druggists and Chemists Purchasing Association), 7, Mettlenweg, Bienne.	True	Bienne.	Bienne.				True	(?!\(Mr. Egli; Phone 44.461, Basle\)|\(Vaud\)|\(Grands Magasins Innovation S.A.\)|\(St. Gall\)|\((Grands Magasins Innovation, S.A.)\)|\(agent\)|\(Egypt\)|\(J. Baumgartner\)|\(O. Hauser\)|\(Ch. Mayer, Prop.\)|\(Stockport\)|\(Switzerland\)|\(Burg\)|\(Continental\)|\(1920\)|\(Bury\)|\(England\))\(.{1,150}\),? ?	(Swiss Druggists and Chemists Purchasing Association)	True	([0-9]{1,4}(,|\.) [A-Z].{1,15}(sprung|quai|berg|rain|vorstadt|weg|allee|gasse|graben|strasse|platz| Street| Road)|[0-9]{1,4}(,|\.)? (rue de la|Route des|Route de|Boulevard de|Charing|Via|Pall|Avenue de|Rue|Rue de|Grand|Rue du|rue|St.|Avenue|Place|Avenue de la|Rue de la|Ruelle) [A-Z].{1,15},|[A-Z][a-z]{1,10} (E.| W. S.) [0-9]{1,3})	7, Mettlenweg	1951	36	index			
Apeco A.G., 7. Bleicherweg, Zurich 2.										True	([0-9]{1,4}(,|\.) [A-Z].{1,15}(sprung|quai|berg|rain|vorstadt|weg|allee|gasse|graben|strasse|platz| Street| Road)|[0-9]{1,4}(,|\.)? (rue de la|Route des|Route de|Boulevard de|Charing|Via|Pall|Avenue de|Rue|Rue de|Grand|Rue du|rue|St.|Avenue|Place|Avenue de la|Rue de la|Ruelle) [A-Z].{1,15},|[A-Z][a-z]{1,10} (E.| W. S.) [0-9]{1,3})	7. Bleicherweg	1951	36	index			
Arbac Ltd., 32, Aeschengraben, Basle.	True	Basle.	Basle.	True	(^.{1,30} ? (Frères|Brothers|Co\.|& Co\.,|Ltd\.|& Cie.,|S\. A\.,|A\.-G\.,|A\. G\.) ?(S. A.)?|^[A-Z]. [A-Z]. \w{1,10}|^ ?[A-Z][a-z]{1,3}\. \w{1,10}-?\w{1,10}|^\w{1,10} & \w{1,10}|^ ?[A-Z]. \w{1,10}|.{1,100} Co\.|^[A-Z][a-z]{1,10} [A-Z][a-z]{1,10},)	Arbac Ltd.				True	([0-9]{1,4}(,|\.) [A-Z].{1,15}(sprung|quai|berg|rain|vorstadt|weg|allee|gasse|graben|strasse|platz| Street| Road)|[0-9]{1,4}(,|\.)? (rue de la|Route des|Route de|Boulevard de|Charing|Via|Pall|Avenue de|Rue|Rue de|Grand|Rue du|rue|St.|Avenue|Place|Avenue de la|Rue de la|Ruelle) [A-Z].{1,15},|[A-Z][a-z]{1,10} (E.| W. S.) [0-9]{1,3})	32, Aeschengraben	1951	36	index			
Mario del Bianco S. à r. l. (agents), 1, rue Beau-Séjour, Lausanne.	True	Lausanne.	Lausanne.				True	(?!\(Mr. Egli; Phone 44.461, Basle\)|\(Vaud\)|\(Grands Magasins Innovation S.A.\)|\(St. Gall\)|\((Grands Magasins Innovation, S.A.)\)|\(agent\)|\(Egypt\)|\(J. Baumgartner\)|\(O. Hauser\)|\(Ch. Mayer, Prop.\)|\(Stockport\)|\(Switzerland\)|\(Burg\)|\(Continental\)|\(1920\)|\(Bury\)|\(England\))\(.{1,150}\),? ?	(agents)	True	([0-9]{1,4}(,|\.) [A-Z].{1,15}(sprung|quai|berg|rain|vorstadt|weg|allee|gasse|graben|strasse|platz| Street| Road)|[0-9]{1,4}(,|\.)? (rue de la|Route des|Route de|Boulevard de|Charing|Via|Pall|Avenue de|Rue|Rue de|Grand|Rue du|rue|St.|Avenue|Place|Avenue de la|Rue de la|Ruelle) [A-Z].{1,15},|[A-Z][a-z]{1,10} (E.| W. S.) [0-9]{1,3})	1, rue Beau-Séjour	1951	36	index			
A.G. vorm. O. Brandenberger, 55, Rigistrasse, Zurich 6.										True	([0-9]{1,4}(,|\.) [A-Z].{1,15}(sprung|quai|berg|rain|vorstadt|weg|allee|gasse|graben|strasse|platz| Street| Road)|[0-9]{1,4}(,|\.)? (rue de la|Route des|Route de|Boulevard de|Charing|Via|Pall|Avenue de|Rue|Rue de|Grand|Rue du|rue|St.|Avenue|Place|Avenue de la|Rue de la|Ruelle) [A-Z].{1,15},|[A-Z][a-z]{1,10} (E.| W. S.) [0-9]{1,3})	55, Rigistrasse	1951	36	index			
Bubeck & Dolder (aromatic, pharmaceutical and technical chemicals), 7/8 immen¬ gasse, Basle.	True	Basle.	Basle.				True	(?!\(Mr. Egli; Phone 44.461, Basle\)|\(Vaud\)|\(Grands Magasins Innovation S.A.\)|\(St. Gall\)|\((Grands Magasins Innovation, S.A.)\)|\(agent\)|\(Egypt\)|\(J. Baumgartner\)|\(O. Hauser\)|\(Ch. Mayer, Prop.\)|\(Stockport\)|\(Switzerland\)|\(Burg\)|\(Continental\)|\(1920\)|\(Bury\)|\(England\))\(.{1,150}\),? ?	(aromatic, pharmaceutical and technical chemicals)				1951	36	index			
Otto Elmer & Co., 18, Tödistrasse, Zurich 2.				True	(^.{1,30} ? (Frères|Brothers|Co\.|& Co\.,|Ltd\.|& Cie.,|S\. A\.,|A\.-G\.,|A\. G\.) ?(S. A.)?|^[A-Z]. [A-Z]. \w{1,10}|^ ?[A-Z][a-z]{1,3}\. \w{1,10}-?\w{1,10}|^\w{1,10} & \w{1,10}|^ ?[A-Z]. \w{1,10}|.{1,100} Co\.|^[A-Z][a-z]{1,10} [A-Z][a-z]{1,10},)	Otto Elmer & Co.				True	([0-9]{1,4}(,|\.) [A-Z].{1,15}(sprung|quai|berg|rain|vorstadt|weg|allee|gasse|graben|strasse|platz| Street| Road)|[0-9]{1,4}(,|\.)? (rue de la|Route des|Route de|Boulevard de|Charing|Via|Pall|Avenue de|Rue|Rue de|Grand|Rue du|rue|St.|Avenue|Place|Avenue de la|Rue de la|Ruelle) [A-Z].{1,15},|[A-Z][a-z]{1,10} (E.| W. S.) [0-9]{1,3})	18, Tödistrasse	1951	36	index			
Fehlmann & Co., 35, rue de la Gare, Morges.				True	(^.{1,30} ? (Frères|Brothers|Co\.|& Co\.,|Ltd\.|& Cie.,|S\. A\.,|A\.-G\.,|A\. G\.) ?(S. A.)?|^[A-Z]. [A-Z]. \w{1,10}|^ ?[A-Z][a-z]{1,3}\. \w{1,10}-?\w{1,10}|^\w{1,10} & \w{1,10}|^ ?[A-Z]. \w{1,10}|.{1,100} Co\.|^[A-Z][a-z]{1,10} [A-Z][a-z]{1,10},)	Fehlmann & Co.				True	([0-9]{1,4}(,|\.) [A-Z].{1,15}(sprung|quai|berg|rain|vorstadt|weg|allee|gasse|graben|strasse|platz| Street| Road)|[0-9]{1,4}(,|\.)? (rue de la|Route des|Route de|Boulevard de|Charing|Via|Pall|Avenue de|Rue|Rue de|Grand|Rue du|rue|St.|Avenue|Place|Avenue de la|Rue de la|Ruelle) [A-Z].{1,15},|[A-Z][a-z]{1,10} (E.| W. S.) [0-9]{1,3})	35, rue de la Gare	1951	36	index			
Frey & Co. (fine and industrial chemicals), Flawil-				True	(^.{1,30} ? (Frères|Brothers|Co\.|& Co\.,|Ltd\.|& Cie.,|S\. A\.,|A\.-G\.,|A\. G\.) ?(S. A.)?|^[A-Z]. [A-Z]. \w{1,10}|^ ?[A-Z][a-z]{1,3}\. \w{1,10}-?\w{1,10}|^\w{1,10} & \w{1,10}|^ ?[A-Z]. \w{1,10}|.{1,100} Co\.|^[A-Z][a-z]{1,10} [A-Z][a-z]{1,10},)	Frey & Co.	True	(?!\(Mr. Egli; Phone 44.461, Basle\)|\(Vaud\)|\(Grands Magasins Innovation S.A.\)|\(St. Gall\)|\((Grands Magasins Innovation, S.A.)\)|\(agent\)|\(Egypt\)|\(J. Baumgartner\)|\(O. Hauser\)|\(Ch. Mayer, Prop.\)|\(Stockport\)|\(Switzerland\)|\(Burg\)|\(Continental\)|\(1920\)|\(Bury\)|\(England\))\(.{1,150}\),? ?	(fine and industrial chemicals)				1951	36	index			
Hacoba Ltd., 159, Oberwilerstrasse, Basle.	True	Basle.	Basle.	True	(^.{1,30} ? (Frères|Brothers|Co\.|& Co\.,|Ltd\.|& Cie.,|S\. A\.,|A\.-G\.,|A\. G\.) ?(S. A.)?|^[A-Z]. [A-Z]. \w{1,10}|^ ?[A-Z][a-z]{1,3}\. \w{1,10}-?\w{1,10}|^\w{1,10} & \w{1,10}|^ ?[A-Z]. \w{1,10}|.{1,100} Co\.|^[A-Z][a-z]{1,10} [A-Z][a-z]{1,10},)	Hacoba Ltd.				True	([0-9]{1,4}(,|\.) [A-Z].{1,15}(sprung|quai|berg|rain|vorstadt|weg|allee|gasse|graben|strasse|platz| Street| Road)|[0-9]{1,4}(,|\.)? (rue de la|Route des|Route de|Boulevard de|Charing|Via|Pall|Avenue de|Rue|Rue de|Grand|Rue du|rue|St.|Avenue|Place|Avenue de la|Rue de la|Ruelle) [A-Z].{1,15},|[A-Z][a-z]{1,10} (E.| W. S.) [0-9]{1,3})	159, Oberwilerstrasse	1951	36	index			
E. Hugentobler-Boden (specialities for rubber goods and cable manufacturers). 44, Mainaustrasse, Zurich 8.				True	(^.{1,30} ? (Frères|Brothers|Co\.|& Co\.,|Ltd\.|& Cie.,|S\. A\.,|A\.-G\.,|A\. G\.) ?(S. A.)?|^[A-Z]. [A-Z]. \w{1,10}|^ ?[A-Z][a-z]{1,3}\. \w{1,10}-?\w{1,10}|^\w{1,10} & \w{1,10}|^ ?[A-Z]. \w{1,10}|.{1,100} Co\.|^[A-Z][a-z]{1,10} [A-Z][a-z]{1,10},)	E. Hugentoble	True	(?!\(Mr. Egli; Phone 44.461, Basle\)|\(Vaud\)|\(Grands Magasins Innovation S.A.\)|\(St. Gall\)|\((Grands Magasins Innovation, S.A.)\)|\(agent\)|\(Egypt\)|\(J. Baumgartner\)|\(O. Hauser\)|\(Ch. Mayer, Prop.\)|\(Stockport\)|\(Switzerland\)|\(Burg\)|\(Continental\)|\(1920\)|\(Bury\)|\(England\))\(.{1,150}\),? ?	(specialities for rubber goods and cable manufacturers)	True	([0-9]{1,4}(,|\.) [A-Z].{1,15}(sprung|quai|berg|rain|vorstadt|weg|allee|gasse|graben|strasse|platz| Street| Road)|[0-9]{1,4}(,|\.)? (rue de la|Route des|Route de|Boulevard de|Charing|Via|Pall|Avenue de|Rue|Rue de|Grand|Rue du|rue|St.|Avenue|Place|Avenue de la|Rue de la|Ruelle) [A-Z].{1,15},|[A-Z][a-z]{1,10} (E.| W. S.) [0-9]{1,3})	44, Mainaustrasse	1951	36	index			
Impag Ltd., 8, Färberstrasse, Zurich 8.				True	(^.{1,30} ? (Frères|Brothers|Co\.|& Co\.,|Ltd\.|& Cie.,|S\. A\.,|A\.-G\.,|A\. G\.) ?(S. A.)?|^[A-Z]. [A-Z]. \w{1,10}|^ ?[A-Z][a-z]{1,3}\. \w{1,10}-?\w{1,10}|^\w{1,10} & \w{1,10}|^ ?[A-Z]. \w{1,10}|.{1,100} Co\.|^[A-Z][a-z]{1,10} [A-Z][a-z]{1,10},)	Impag Ltd.				True	([0-9]{1,4}(,|\.) [A-Z].{1,15}(sprung|quai|berg|rain|vorstadt|weg|allee|gasse|graben|strasse|platz| Street| Road)|[0-9]{1,4}(,|\.)? (rue de la|Route des|Route de|Boulevard de|Charing|Via|Pall|Avenue de|Rue|Rue de|Grand|Rue du|rue|St.|Avenue|Place|Avenue de la|Rue de la|Ruelle) [A-Z].{1,15},|[A-Z][a-z]{1,10} (E.| W. S.) [0-9]{1,3})	8, Färberstrasse	1951	36	index			
Imperial Chemical Industries (Export) Ltd., 46, Schützenmattstrasse, Basle.	True	Basle.	Basle.				True	(?!\(Mr. Egli; Phone 44.461, Basle\)|\(Vaud\)|\(Grands Magasins Innovation S.A.\)|\(St. Gall\)|\((Grands Magasins Innovation, S.A.)\)|\(agent\)|\(Egypt\)|\(J. Baumgartner\)|\(O. Hauser\)|\(Ch. Mayer, Prop.\)|\(Stockport\)|\(Switzerland\)|\(Burg\)|\(Continental\)|\(1920\)|\(Bury\)|\(England\))\(.{1,150}\),? ?	(Export)	True	([0-9]{1,4}(,|\.) [A-Z].{1,15}(sprung|quai|berg|rain|vorstadt|weg|allee|gasse|graben|strasse|platz| Street| Road)|[0-9]{1,4}(,|\.)? (rue de la|Route des|Route de|Boulevard de|Charing|Via|Pall|Avenue de|Rue|Rue de|Grand|Rue du|rue|St.|Avenue|Place|Avenue de la|Rue de la|Ruelle) [A-Z].{1,15},|[A-Z][a-z]{1,10} (E.| W. S.) [0-9]{1,3})	46, Schützenmattstrasse	1951	36	index			
