transcription	company_pattern_match	company_pattern_item	company_pattern_result	goods_pattern_match	goods_pattern_item	goods_pattern_result	address_pattern_match	address_pattern_item	address_pattern_result	year	page	range_definition	location_list_match	location_list_item	location_list_result	title_pattern_match	title_pattern_item	title_pattern_result
Medo Chemicals Ltd. (manufacturers and wholesalers, manufacturers of ethical preparations and oral penicillin tablets). 178. Pentonville Road, London N. 1.	True	(^.{1,30} ? (Frères|Brothers|Co\.|& Co\.,|Ltd\.|& Cie.,|S\. A\.,|A\.-G\.,|A\. G\.) ?(S. A.)?|^[A-Z]. [A-Z]. \w{1,10}|^ ?[A-Z][a-z]{1,3}\. \w{1,10}-?\w{1,10}|^\w{1,10} & \w{1,10}|^ ?[A-Z]. \w{1,10}|.{1,100} Co\.|^[A-Z][a-z]{1,10} [A-Z][a-z]{1,10},)	Medo Chemicals Ltd.	True	(?!\(Mr. Egli; Phone 44.461, Basle\)|\(Vaud\)|\(Grands Magasins Innovation S.A.\)|\(St. Gall\)|\((Grands Magasins Innovation, S.A.)\)|\(agent\)|\(Egypt\)|\(J. Baumgartner\)|\(O. Hauser\)|\(Ch. Mayer, Prop.\)|\(Stockport\)|\(Switzerland\)|\(Burg\)|\(Continental\)|\(1920\)|\(Bury\)|\(England\))\(.{1,150}\),? ?	(manufacturers and wholesalers, manufacturers of ethical preparations and oral penicillin tablets)	True	([0-9]{1,4}(,|\.) [A-Z].{1,15}(sprung|quai|berg|rain|vorstadt|weg|allee|gasse|graben|strasse|platz| Street| Road)|[0-9]{1,4}(,|\.)? (rue de la|Route des|Route de|Boulevard de|Charing|Via|Pall|Avenue de|Rue|Rue de|Grand|Rue du|rue|St.|Avenue|Place|Avenue de la|Rue de la|Ruelle) [A-Z].{1,15},|[A-Z][a-z]{1,10} (E.| W. S.) [0-9]{1,3})	178. Pentonville Road	1951	63	index						
Milton Therapeutics Export Ltd. (exporters of antiseptics, veterinary antiseptics. dairy and catering cleaners and sterilizers), 10/12, Brewery Road, London N. 7.	True	(^.{1,30} ? (Frères|Brothers|Co\.|& Co\.,|Ltd\.|& Cie.,|S\. A\.,|A\.-G\.,|A\. G\.) ?(S. A.)?|^[A-Z]. [A-Z]. \w{1,10}|^ ?[A-Z][a-z]{1,3}\. \w{1,10}-?\w{1,10}|^\w{1,10} & \w{1,10}|^ ?[A-Z]. \w{1,10}|.{1,100} Co\.|^[A-Z][a-z]{1,10} [A-Z][a-z]{1,10},)	Milton Therapeutics Export Ltd.	True	(?!\(Mr. Egli; Phone 44.461, Basle\)|\(Vaud\)|\(Grands Magasins Innovation S.A.\)|\(St. Gall\)|\((Grands Magasins Innovation, S.A.)\)|\(agent\)|\(Egypt\)|\(J. Baumgartner\)|\(O. Hauser\)|\(Ch. Mayer, Prop.\)|\(Stockport\)|\(Switzerland\)|\(Burg\)|\(Continental\)|\(1920\)|\(Bury\)|\(England\))\(.{1,150}\),? ?	(exporters of antiseptics, veterinary antiseptics. dairy and catering cleaners and sterilizers)	True	([0-9]{1,4}(,|\.) [A-Z].{1,15}(sprung|quai|berg|rain|vorstadt|weg|allee|gasse|graben|strasse|platz| Street| Road)|[0-9]{1,4}(,|\.)? (rue de la|Route des|Route de|Boulevard de|Charing|Via|Pall|Avenue de|Rue|Rue de|Grand|Rue du|rue|St.|Avenue|Place|Avenue de la|Rue de la|Ruelle) [A-Z].{1,15},|[A-Z][a-z]{1,10} (E.| W. S.) [0-9]{1,3})	12, Brewery Road	1951	63	index						
Novavita Ltd. (importers), 53, Parkring, Zurich 2.	True	(^.{1,30} ? (Frères|Brothers|Co\.|& Co\.,|Ltd\.|& Cie.,|S\. A\.,|A\.-G\.,|A\. G\.) ?(S. A.)?|^[A-Z]. [A-Z]. \w{1,10}|^ ?[A-Z][a-z]{1,3}\. \w{1,10}-?\w{1,10}|^\w{1,10} & \w{1,10}|^ ?[A-Z]. \w{1,10}|.{1,100} Co\.|^[A-Z][a-z]{1,10} [A-Z][a-z]{1,10},)	Novavita Ltd.	True	(?!\(Mr. Egli; Phone 44.461, Basle\)|\(Vaud\)|\(Grands Magasins Innovation S.A.\)|\(St. Gall\)|\((Grands Magasins Innovation, S.A.)\)|\(agent\)|\(Egypt\)|\(J. Baumgartner\)|\(O. Hauser\)|\(Ch. Mayer, Prop.\)|\(Stockport\)|\(Switzerland\)|\(Burg\)|\(Continental\)|\(1920\)|\(Bury\)|\(England\))\(.{1,150}\),? ?	(importers)				1951	63	index						
Pharmacolor Ltd., 10, Gemsberg, Basle	True	(^.{1,30} ? (Frères|Brothers|Co\.|& Co\.,|Ltd\.|& Cie.,|S\. A\.,|A\.-G\.,|A\. G\.) ?(S. A.)?|^[A-Z]. [A-Z]. \w{1,10}|^ ?[A-Z][a-z]{1,3}\. \w{1,10}-?\w{1,10}|^\w{1,10} & \w{1,10}|^ ?[A-Z]. \w{1,10}|.{1,100} Co\.|^[A-Z][a-z]{1,10} [A-Z][a-z]{1,10},)	Pharmacolor Ltd.				True	([0-9]{1,4}(,|\.) [A-Z].{1,15}(sprung|quai|berg|rain|vorstadt|weg|allee|gasse|graben|strasse|platz| Street| Road)|[0-9]{1,4}(,|\.)? (rue de la|Route des|Route de|Boulevard de|Charing|Via|Pall|Avenue de|Rue|Rue de|Grand|Rue du|rue|St.|Avenue|Place|Avenue de la|Rue de la|Ruelle) [A-Z].{1,15},|[A-Z][a-z]{1,10} (E.| W. S.) [0-9]{1,3})	10, Gemsberg	1951	63	index						
Prifa Ltd., 10, Obere Zäune, Zürich 1.	True	(^.{1,30} ? (Frères|Brothers|Co\.|& Co\.,|Ltd\.|& Cie.,|S\. A\.,|A\.-G\.,|A\. G\.) ?(S. A.)?|^[A-Z]. [A-Z]. \w{1,10}|^ ?[A-Z][a-z]{1,3}\. \w{1,10}-?\w{1,10}|^\w{1,10} & \w{1,10}|^ ?[A-Z]. \w{1,10}|.{1,100} Co\.|^[A-Z][a-z]{1,10} [A-Z][a-z]{1,10},)	Prifa Ltd.							1951	63	index						
Robapharm Laboratories Ltd. (manufacturers), 174, St. Albanrheinweg, Basle.	True	(^.{1,30} ? (Frères|Brothers|Co\.|& Co\.,|Ltd\.|& Cie.,|S\. A\.,|A\.-G\.,|A\. G\.) ?(S. A.)?|^[A-Z]. [A-Z]. \w{1,10}|^ ?[A-Z][a-z]{1,3}\. \w{1,10}-?\w{1,10}|^\w{1,10} & \w{1,10}|^ ?[A-Z]. \w{1,10}|.{1,100} Co\.|^[A-Z][a-z]{1,10} [A-Z][a-z]{1,10},)	Robapharm Laboratories Ltd.	True	(?!\(Mr. Egli; Phone 44.461, Basle\)|\(Vaud\)|\(Grands Magasins Innovation S.A.\)|\(St. Gall\)|\((Grands Magasins Innovation, S.A.)\)|\(agent\)|\(Egypt\)|\(J. Baumgartner\)|\(O. Hauser\)|\(Ch. Mayer, Prop.\)|\(Stockport\)|\(Switzerland\)|\(Burg\)|\(Continental\)|\(1920\)|\(Bury\)|\(England\))\(.{1,150}\),? ?	(manufacturers)	True	([0-9]{1,4}(,|\.) [A-Z].{1,15}(sprung|quai|berg|rain|vorstadt|weg|allee|gasse|graben|strasse|platz| Street| Road)|[0-9]{1,4}(,|\.)? (rue de la|Route des|Route de|Boulevard de|Charing|Via|Pall|Avenue de|Rue|Rue de|Grand|Rue du|rue|St.|Avenue|Place|Avenue de la|Rue de la|Ruelle) [A-Z].{1,15},|[A-Z][a-z]{1,10} (E.| W. S.) [0-9]{1,3})	174, St. Albanrheinweg	1951	63	index	True	Basle.	Basle.			
Sandoz Ltd. (manufacturers), 35, Lichtstrasse. Basle.	True	(^.{1,30} ? (Frères|Brothers|Co\.|& Co\.,|Ltd\.|& Cie.,|S\. A\.,|A\.-G\.,|A\. G\.) ?(S. A.)?|^[A-Z]. [A-Z]. \w{1,10}|^ ?[A-Z][a-z]{1,3}\. \w{1,10}-?\w{1,10}|^\w{1,10} & \w{1,10}|^ ?[A-Z]. \w{1,10}|.{1,100} Co\.|^[A-Z][a-z]{1,10} [A-Z][a-z]{1,10},)	Sandoz Ltd.	True	(?!\(Mr. Egli; Phone 44.461, Basle\)|\(Vaud\)|\(Grands Magasins Innovation S.A.\)|\(St. Gall\)|\((Grands Magasins Innovation, S.A.)\)|\(agent\)|\(Egypt\)|\(J. Baumgartner\)|\(O. Hauser\)|\(Ch. Mayer, Prop.\)|\(Stockport\)|\(Switzerland\)|\(Burg\)|\(Continental\)|\(1920\)|\(Bury\)|\(England\))\(.{1,150}\),? ?	(manufacturers)	True	([0-9]{1,4}(,|\.) [A-Z].{1,15}(sprung|quai|berg|rain|vorstadt|weg|allee|gasse|graben|strasse|platz| Street| Road)|[0-9]{1,4}(,|\.)? (rue de la|Route des|Route de|Boulevard de|Charing|Via|Pall|Avenue de|Rue|Rue de|Grand|Rue du|rue|St.|Avenue|Place|Avenue de la|Rue de la|Ruelle) [A-Z].{1,15},|[A-Z][a-z]{1,10} (E.| W. S.) [0-9]{1,3})	35, Lichtstrasse	1951	63	index	True	Basle.	Basle.			
Emil Scheller & Co. Ltd. (Importers), 21, Hottingerstrasse, Zürich 32.	True	(^.{1,30} ? (Frères|Brothers|Co\.|& Co\.,|Ltd\.|& Cie.,|S\. A\.,|A\.-G\.,|A\. G\.) ?(S. A.)?|^[A-Z]. [A-Z]. \w{1,10}|^ ?[A-Z][a-z]{1,3}\. \w{1,10}-?\w{1,10}|^\w{1,10} & \w{1,10}|^ ?[A-Z]. \w{1,10}|.{1,100} Co\.|^[A-Z][a-z]{1,10} [A-Z][a-z]{1,10},)	Emil Scheller & Co. Ltd.	True	(?!\(Mr. Egli; Phone 44.461, Basle\)|\(Vaud\)|\(Grands Magasins Innovation S.A.\)|\(St. Gall\)|\((Grands Magasins Innovation, S.A.)\)|\(agent\)|\(Egypt\)|\(J. Baumgartner\)|\(O. Hauser\)|\(Ch. Mayer, Prop.\)|\(Stockport\)|\(Switzerland\)|\(Burg\)|\(Continental\)|\(1920\)|\(Bury\)|\(England\))\(.{1,150}\),? ?	(Importers)	True	([0-9]{1,4}(,|\.) [A-Z].{1,15}(sprung|quai|berg|rain|vorstadt|weg|allee|gasse|graben|strasse|platz| Street| Road)|[0-9]{1,4}(,|\.)? (rue de la|Route des|Route de|Boulevard de|Charing|Via|Pall|Avenue de|Rue|Rue de|Grand|Rue du|rue|St.|Avenue|Place|Avenue de la|Rue de la|Ruelle) [A-Z].{1,15},|[A-Z][a-z]{1,10} (E.| W. S.) [0-9]{1,3})	21, Hottingerstrasse	1951	63	index						
Siber, Hegner & Co. Ltd. (agents for May and Baker Ltd.), 14, Talstrasse, Zürich 1.	True	(^.{1,30} ? (Frères|Brothers|Co\.|& Co\.,|Ltd\.|& Cie.,|S\. A\.,|A\.-G\.,|A\. G\.) ?(S. A.)?|^[A-Z]. [A-Z]. \w{1,10}|^ ?[A-Z][a-z]{1,3}\. \w{1,10}-?\w{1,10}|^\w{1,10} & \w{1,10}|^ ?[A-Z]. \w{1,10}|.{1,100} Co\.|^[A-Z][a-z]{1,10} [A-Z][a-z]{1,10},)	Siber, Hegner & Co. Ltd.	True	(?!\(Mr. Egli; Phone 44.461, Basle\)|\(Vaud\)|\(Grands Magasins Innovation S.A.\)|\(St. Gall\)|\((Grands Magasins Innovation, S.A.)\)|\(agent\)|\(Egypt\)|\(J. Baumgartner\)|\(O. Hauser\)|\(Ch. Mayer, Prop.\)|\(Stockport\)|\(Switzerland\)|\(Burg\)|\(Continental\)|\(1920\)|\(Bury\)|\(England\))\(.{1,150}\),? ?	(agents for May and Baker Ltd.)	True	([0-9]{1,4}(,|\.) [A-Z].{1,15}(sprung|quai|berg|rain|vorstadt|weg|allee|gasse|graben|strasse|platz| Street| Road)|[0-9]{1,4}(,|\.)? (rue de la|Route des|Route de|Boulevard de|Charing|Via|Pall|Avenue de|Rue|Rue de|Grand|Rue du|rue|St.|Avenue|Place|Avenue de la|Rue de la|Ruelle) [A-Z].{1,15},|[A-Z][a-z]{1,10} (E.| W. S.) [0-9]{1,3})	14, Talstrasse	1951	63	index						
B. Siegfried Ltd. (manufacturers), Zofingen.	True	(^.{1,30} ? (Frères|Brothers|Co\.|& Co\.,|Ltd\.|& Cie.,|S\. A\.,|A\.-G\.,|A\. G\.) ?(S. A.)?|^[A-Z]. [A-Z]. \w{1,10}|^ ?[A-Z][a-z]{1,3}\. \w{1,10}-?\w{1,10}|^\w{1,10} & \w{1,10}|^ ?[A-Z]. \w{1,10}|.{1,100} Co\.|^[A-Z][a-z]{1,10} [A-Z][a-z]{1,10},)	B. Siegfried Ltd.	True	(?!\(Mr. Egli; Phone 44.461, Basle\)|\(Vaud\)|\(Grands Magasins Innovation S.A.\)|\(St. Gall\)|\((Grands Magasins Innovation, S.A.)\)|\(agent\)|\(Egypt\)|\(J. Baumgartner\)|\(O. Hauser\)|\(Ch. Mayer, Prop.\)|\(Stockport\)|\(Switzerland\)|\(Burg\)|\(Continental\)|\(1920\)|\(Bury\)|\(England\))\(.{1,150}\),? ?	(manufacturers)				1951	63	index	True	Zofingen.	Zofingen.			
H. C. Summerer (importer), 211, Bellerivestrasse, Zurich 8.	True	(^.{1,30} ? (Frères|Brothers|Co\.|& Co\.,|Ltd\.|& Cie.,|S\. A\.,|A\.-G\.,|A\. G\.) ?(S. A.)?|^[A-Z]. [A-Z]. \w{1,10}|^ ?[A-Z][a-z]{1,3}\. \w{1,10}-?\w{1,10}|^\w{1,10} & \w{1,10}|^ ?[A-Z]. \w{1,10}|.{1,100} Co\.|^[A-Z][a-z]{1,10} [A-Z][a-z]{1,10},)	H. C	True	(?!\(Mr. Egli; Phone 44.461, Basle\)|\(Vaud\)|\(Grands Magasins Innovation S.A.\)|\(St. Gall\)|\((Grands Magasins Innovation, S.A.)\)|\(agent\)|\(Egypt\)|\(J. Baumgartner\)|\(O. Hauser\)|\(Ch. Mayer, Prop.\)|\(Stockport\)|\(Switzerland\)|\(Burg\)|\(Continental\)|\(1920\)|\(Bury\)|\(England\))\(.{1,150}\),? ?	(importer)	True	([0-9]{1,4}(,|\.) [A-Z].{1,15}(sprung|quai|berg|rain|vorstadt|weg|allee|gasse|graben|strasse|platz| Street| Road)|[0-9]{1,4}(,|\.)? (rue de la|Route des|Route de|Boulevard de|Charing|Via|Pall|Avenue de|Rue|Rue de|Grand|Rue du|rue|St.|Avenue|Place|Avenue de la|Rue de la|Ruelle) [A-Z].{1,15},|[A-Z][a-z]{1,10} (E.| W. S.) [0-9]{1,3})	211, Bellerivestrasse	1951	63	index						
F. Uhlmann-Eyraud S.A. (importers and agents), 28/30, boulevard de la Cluse, Geneva.	True	(^.{1,30} ? (Frères|Brothers|Co\.|& Co\.,|Ltd\.|& Cie.,|S\. A\.,|A\.-G\.,|A\. G\.) ?(S. A.)?|^[A-Z]. [A-Z]. \w{1,10}|^ ?[A-Z][a-z]{1,3}\. \w{1,10}-?\w{1,10}|^\w{1,10} & \w{1,10}|^ ?[A-Z]. \w{1,10}|.{1,100} Co\.|^[A-Z][a-z]{1,10} [A-Z][a-z]{1,10},)	F. Uhlmann	True	(?!\(Mr. Egli; Phone 44.461, Basle\)|\(Vaud\)|\(Grands Magasins Innovation S.A.\)|\(St. Gall\)|\((Grands Magasins Innovation, S.A.)\)|\(agent\)|\(Egypt\)|\(J. Baumgartner\)|\(O. Hauser\)|\(Ch. Mayer, Prop.\)|\(Stockport\)|\(Switzerland\)|\(Burg\)|\(Continental\)|\(1920\)|\(Bury\)|\(England\))\(.{1,150}\),? ?	(importers and agents)				1951	63	index	True	Geneva.	Geneva.			
A.G. vorm. Emil Vogel (dealers), 30, Ottenweg. Zurich 8.				True	(?!\(Mr. Egli; Phone 44.461, Basle\)|\(Vaud\)|\(Grands Magasins Innovation S.A.\)|\(St. Gall\)|\((Grands Magasins Innovation, S.A.)\)|\(agent\)|\(Egypt\)|\(J. Baumgartner\)|\(O. Hauser\)|\(Ch. Mayer, Prop.\)|\(Stockport\)|\(Switzerland\)|\(Burg\)|\(Continental\)|\(1920\)|\(Bury\)|\(England\))\(.{1,150}\),? ?	(dealers)	True	([0-9]{1,4}(,|\.) [A-Z].{1,15}(sprung|quai|berg|rain|vorstadt|weg|allee|gasse|graben|strasse|platz| Street| Road)|[0-9]{1,4}(,|\.)? (rue de la|Route des|Route de|Boulevard de|Charing|Via|Pall|Avenue de|Rue|Rue de|Grand|Rue du|rue|St.|Avenue|Place|Avenue de la|Rue de la|Ruelle) [A-Z].{1,15},|[A-Z][a-z]{1,10} (E.| W. S.) [0-9]{1,3})	30, Ottenweg	1951	63	index						
Photo-engraving (photo-litho)				True	(?!\(Mr. Egli; Phone 44.461, Basle\)|\(Vaud\)|\(Grands Magasins Innovation S.A.\)|\(St. Gall\)|\((Grands Magasins Innovation, S.A.)\)|\(agent\)|\(Egypt\)|\(J. Baumgartner\)|\(O. Hauser\)|\(Ch. Mayer, Prop.\)|\(Stockport\)|\(Switzerland\)|\(Burg\)|\(Continental\)|\(1920\)|\(Bury\)|\(England\))\(.{1,150}\),? ?	(photo-litho)				1951	63	index						
Schwitter Ltd. (manufacturers of printing blocks, electros, stereos, flongs, photo¬ lithos, etc.), 90, Allschwilerstrasse, Basle.	True	(^.{1,30} ? (Frères|Brothers|Co\.|& Co\.,|Ltd\.|& Cie.,|S\. A\.,|A\.-G\.,|A\. G\.) ?(S. A.)?|^[A-Z]. [A-Z]. \w{1,10}|^ ?[A-Z][a-z]{1,3}\. \w{1,10}-?\w{1,10}|^\w{1,10} & \w{1,10}|^ ?[A-Z]. \w{1,10}|.{1,100} Co\.|^[A-Z][a-z]{1,10} [A-Z][a-z]{1,10},)	Schwitter Ltd.	True	(?!\(Mr. Egli; Phone 44.461, Basle\)|\(Vaud\)|\(Grands Magasins Innovation S.A.\)|\(St. Gall\)|\((Grands Magasins Innovation, S.A.)\)|\(agent\)|\(Egypt\)|\(J. Baumgartner\)|\(O. Hauser\)|\(Ch. Mayer, Prop.\)|\(Stockport\)|\(Switzerland\)|\(Burg\)|\(Continental\)|\(1920\)|\(Bury\)|\(England\))\(.{1,150}\),? ?	(manufacturers of printing blocks, electros, stereos, flongs, photo¬ lithos, etc.)	True	([0-9]{1,4}(,|\.) [A-Z].{1,15}(sprung|quai|berg|rain|vorstadt|weg|allee|gasse|graben|strasse|platz| Street| Road)|[0-9]{1,4}(,|\.)? (rue de la|Route des|Route de|Boulevard de|Charing|Via|Pall|Avenue de|Rue|Rue de|Grand|Rue du|rue|St.|Avenue|Place|Avenue de la|Rue de la|Ruelle) [A-Z].{1,15},|[A-Z][a-z]{1,10} (E.| W. S.) [0-9]{1,3})	90, Allschwilerstrasse	1951	63	index	True	Basle.	Basle.			
Photography										1951	63	index				True	(([A-Z][a-z]{1,10})? ?([A-Z][a-z]{1,10}) \(([A-Z][a-z]{1,10})? ?([a-z]{1,15})?,? ?([a-z]{1,15})\)$|^ ?[A-Z][a-z]{1,20}(( and | und )? ?-?[A-Z][a-z]{1,20})?( and | und )?( ?[A-Z][a-z]{1,20})?( ?\([A-Z][a-z]{1,10}\))?$|^ ?[A-Z][a-z]{1,10} \([A-Z][a-z]{1,10}\) [A-Z][a-z]{1,15}$)	Photography
Bubeck & Dolder (dealers in photographie chemicals), 79, Immengasse, Basle.				True	(?!\(Mr. Egli; Phone 44.461, Basle\)|\(Vaud\)|\(Grands Magasins Innovation S.A.\)|\(St. Gall\)|\((Grands Magasins Innovation, S.A.)\)|\(agent\)|\(Egypt\)|\(J. Baumgartner\)|\(O. Hauser\)|\(Ch. Mayer, Prop.\)|\(Stockport\)|\(Switzerland\)|\(Burg\)|\(Continental\)|\(1920\)|\(Bury\)|\(England\))\(.{1,150}\),? ?	(dealers in photographie chemicals)	True	([0-9]{1,4}(,|\.) [A-Z].{1,15}(sprung|quai|berg|rain|vorstadt|weg|allee|gasse|graben|strasse|platz| Street| Road)|[0-9]{1,4}(,|\.)? (rue de la|Route des|Route de|Boulevard de|Charing|Via|Pall|Avenue de|Rue|Rue de|Grand|Rue du|rue|St.|Avenue|Place|Avenue de la|Rue de la|Ruelle) [A-Z].{1,15},|[A-Z][a-z]{1,10} (E.| W. S.) [0-9]{1,3})	79, Immengasse	1951	63	index	True	Basle.	Basle.			
Kodak Ltd. (wholesalers), 13, avenue Jean-Jacques-Mercier, Lausanne.	True	(^.{1,30} ? (Frères|Brothers|Co\.|& Co\.,|Ltd\.|& Cie.,|S\. A\.,|A\.-G\.,|A\. G\.) ?(S. A.)?|^[A-Z]. [A-Z]. \w{1,10}|^ ?[A-Z][a-z]{1,3}\. \w{1,10}-?\w{1,10}|^\w{1,10} & \w{1,10}|^ ?[A-Z]. \w{1,10}|.{1,100} Co\.|^[A-Z][a-z]{1,10} [A-Z][a-z]{1,10},)	Kodak Ltd.	True	(?!\(Mr. Egli; Phone 44.461, Basle\)|\(Vaud\)|\(Grands Magasins Innovation S.A.\)|\(St. Gall\)|\((Grands Magasins Innovation, S.A.)\)|\(agent\)|\(Egypt\)|\(J. Baumgartner\)|\(O. Hauser\)|\(Ch. Mayer, Prop.\)|\(Stockport\)|\(Switzerland\)|\(Burg\)|\(Continental\)|\(1920\)|\(Bury\)|\(England\))\(.{1,150}\),? ?	(wholesalers)				1951	63	index	True	Lausanne.	Lausanne.			
G. B. Montgomery (Export) Ltd. (high grade precision instruments, enlagers, cameras, range finders, coupled long focus lens, flash guns), 95, Bath Street, Glasgow.	True	(^.{1,30} ? (Frères|Brothers|Co\.|& Co\.,|Ltd\.|& Cie.,|S\. A\.,|A\.-G\.,|A\. G\.) ?(S. A.)?|^[A-Z]. [A-Z]. \w{1,10}|^ ?[A-Z][a-z]{1,3}\. \w{1,10}-?\w{1,10}|^\w{1,10} & \w{1,10}|^ ?[A-Z]. \w{1,10}|.{1,100} Co\.|^[A-Z][a-z]{1,10} [A-Z][a-z]{1,10},)	G. B. Montgomery (Export) Ltd.	True	(?!\(Mr. Egli; Phone 44.461, Basle\)|\(Vaud\)|\(Grands Magasins Innovation S.A.\)|\(St. Gall\)|\((Grands Magasins Innovation, S.A.)\)|\(agent\)|\(Egypt\)|\(J. Baumgartner\)|\(O. Hauser\)|\(Ch. Mayer, Prop.\)|\(Stockport\)|\(Switzerland\)|\(Burg\)|\(Continental\)|\(1920\)|\(Bury\)|\(England\))\(.{1,150}\),? ?	(Export) Ltd. (high grade precision instruments, enlagers, cameras, range finders, coupled long focus lens, flash guns)	True	([0-9]{1,4}(,|\.) [A-Z].{1,15}(sprung|quai|berg|rain|vorstadt|weg|allee|gasse|graben|strasse|platz| Street| Road)|[0-9]{1,4}(,|\.)? (rue de la|Route des|Route de|Boulevard de|Charing|Via|Pall|Avenue de|Rue|Rue de|Grand|Rue du|rue|St.|Avenue|Place|Avenue de la|Rue de la|Ruelle) [A-Z].{1,15},|[A-Z][a-z]{1,10} (E.| W. S.) [0-9]{1,3})	95, Bath Street	1951	63	index	True	Glasgow.	Glasgow.			
Ott & Co. (agents and importers of photographic materials and equipment), Zofingen.	True	(^.{1,30} ? (Frères|Brothers|Co\.|& Co\.,|Ltd\.|& Cie.,|S\. A\.,|A\.-G\.,|A\. G\.) ?(S. A.)?|^[A-Z]. [A-Z]. \w{1,10}|^ ?[A-Z][a-z]{1,3}\. \w{1,10}-?\w{1,10}|^\w{1,10} & \w{1,10}|^ ?[A-Z]. \w{1,10}|.{1,100} Co\.|^[A-Z][a-z]{1,10} [A-Z][a-z]{1,10},)	Ott & Co.	True	(?!\(Mr. Egli; Phone 44.461, Basle\)|\(Vaud\)|\(Grands Magasins Innovation S.A.\)|\(St. Gall\)|\((Grands Magasins Innovation, S.A.)\)|\(agent\)|\(Egypt\)|\(J. Baumgartner\)|\(O. Hauser\)|\(Ch. Mayer, Prop.\)|\(Stockport\)|\(Switzerland\)|\(Burg\)|\(Continental\)|\(1920\)|\(Bury\)|\(England\))\(.{1,150}\),? ?	(agents and importers of photographic materials and equipment)				1951	63	index	True	Zofingen.	Zofingen.			
Perrot Ltd. (wholesalers in photographic and cinematographic apparatus), 5, rue Neuve, Bienne.	True	(^.{1,30} ? (Frères|Brothers|Co\.|& Co\.,|Ltd\.|& Cie.,|S\. A\.,|A\.-G\.,|A\. G\.) ?(S. A.)?|^[A-Z]. [A-Z]. \w{1,10}|^ ?[A-Z][a-z]{1,3}\. \w{1,10}-?\w{1,10}|^\w{1,10} & \w{1,10}|^ ?[A-Z]. \w{1,10}|.{1,100} Co\.|^[A-Z][a-z]{1,10} [A-Z][a-z]{1,10},)	Perrot Ltd.	True	(?!\(Mr. Egli; Phone 44.461, Basle\)|\(Vaud\)|\(Grands Magasins Innovation S.A.\)|\(St. Gall\)|\((Grands Magasins Innovation, S.A.)\)|\(agent\)|\(Egypt\)|\(J. Baumgartner\)|\(O. Hauser\)|\(Ch. Mayer, Prop.\)|\(Stockport\)|\(Switzerland\)|\(Burg\)|\(Continental\)|\(1920\)|\(Bury\)|\(England\))\(.{1,150}\),? ?	(wholesalers in photographic and cinematographic apparatus)	True	([0-9]{1,4}(,|\.) [A-Z].{1,15}(sprung|quai|berg|rain|vorstadt|weg|allee|gasse|graben|strasse|platz| Street| Road)|[0-9]{1,4}(,|\.)? (rue de la|Route des|Route de|Boulevard de|Charing|Via|Pall|Avenue de|Rue|Rue de|Grand|Rue du|rue|St.|Avenue|Place|Avenue de la|Rue de la|Ruelle) [A-Z].{1,15},|[A-Z][a-z]{1,10} (E.| W. S.) [0-9]{1,3})	5, rue Neuve	1951	63	index	True	Bienne.	Bienne.			
Tellko Ltd. (manufacturers of sensitized photographic paper), 15, rue de l'in¬ dustrie, Fribourg.	True	(^.{1,30} ? (Frères|Brothers|Co\.|& Co\.,|Ltd\.|& Cie.,|S\. A\.,|A\.-G\.,|A\. G\.) ?(S. A.)?|^[A-Z]. [A-Z]. \w{1,10}|^ ?[A-Z][a-z]{1,3}\. \w{1,10}-?\w{1,10}|^\w{1,10} & \w{1,10}|^ ?[A-Z]. \w{1,10}|.{1,100} Co\.|^[A-Z][a-z]{1,10} [A-Z][a-z]{1,10},)	Tellko Ltd.	True	(?!\(Mr. Egli; Phone 44.461, Basle\)|\(Vaud\)|\(Grands Magasins Innovation S.A.\)|\(St. Gall\)|\((Grands Magasins Innovation, S.A.)\)|\(agent\)|\(Egypt\)|\(J. Baumgartner\)|\(O. Hauser\)|\(Ch. Mayer, Prop.\)|\(Stockport\)|\(Switzerland\)|\(Burg\)|\(Continental\)|\(1920\)|\(Bury\)|\(England\))\(.{1,150}\),? ?	(manufacturers of sensitized photographic paper)				1951	63	index	True	Fribourg.	Fribourg.			
Plastic Materials										1951	63	index				True	(([A-Z][a-z]{1,10})? ?([A-Z][a-z]{1,10}) \(([A-Z][a-z]{1,10})? ?([a-z]{1,15})?,? ?([a-z]{1,15})\)$|^ ?[A-Z][a-z]{1,20}(( and | und )? ?-?[A-Z][a-z]{1,20})?( and | und )?( ?[A-Z][a-z]{1,20})?( ?\([A-Z][a-z]{1,10}\))?$|^ ?[A-Z][a-z]{1,10} \([A-Z][a-z]{1,10}\) [A-Z][a-z]{1,15}$)	Plastic Materials
Agimpex Trading Co. Ltd. (exporters), 61, Sihlstrasse, Zürich 1.	True	(^.{1,30} ? (Frères|Brothers|Co\.|& Co\.,|Ltd\.|& Cie.,|S\. A\.,|A\.-G\.,|A\. G\.) ?(S. A.)?|^[A-Z]. [A-Z]. \w{1,10}|^ ?[A-Z][a-z]{1,3}\. \w{1,10}-?\w{1,10}|^\w{1,10} & \w{1,10}|^ ?[A-Z]. \w{1,10}|.{1,100} Co\.|^[A-Z][a-z]{1,10} [A-Z][a-z]{1,10},)	Agimpex Trading Co. Ltd.	True	(?!\(Mr. Egli; Phone 44.461, Basle\)|\(Vaud\)|\(Grands Magasins Innovation S.A.\)|\(St. Gall\)|\((Grands Magasins Innovation, S.A.)\)|\(agent\)|\(Egypt\)|\(J. Baumgartner\)|\(O. Hauser\)|\(Ch. Mayer, Prop.\)|\(Stockport\)|\(Switzerland\)|\(Burg\)|\(Continental\)|\(1920\)|\(Bury\)|\(England\))\(.{1,150}\),? ?	(exporters)	True	([0-9]{1,4}(,|\.) [A-Z].{1,15}(sprung|quai|berg|rain|vorstadt|weg|allee|gasse|graben|strasse|platz| Street| Road)|[0-9]{1,4}(,|\.)? (rue de la|Route des|Route de|Boulevard de|Charing|Via|Pall|Avenue de|Rue|Rue de|Grand|Rue du|rue|St.|Avenue|Place|Avenue de la|Rue de la|Ruelle) [A-Z].{1,15},|[A-Z][a-z]{1,10} (E.| W. S.) [0-9]{1,3})	61, Sihlstrasse	1951	63	index						
A.G. vorm. O. Brandenberger (dealers), 55, Rigistrasse, Zurich 6.				True	(?!\(Mr. Egli; Phone 44.461, Basle\)|\(Vaud\)|\(Grands Magasins Innovation S.A.\)|\(St. Gall\)|\((Grands Magasins Innovation, S.A.)\)|\(agent\)|\(Egypt\)|\(J. Baumgartner\)|\(O. Hauser\)|\(Ch. Mayer, Prop.\)|\(Stockport\)|\(Switzerland\)|\(Burg\)|\(Continental\)|\(1920\)|\(Bury\)|\(England\))\(.{1,150}\),? ?	(dealers)	True	([0-9]{1,4}(,|\.) [A-Z].{1,15}(sprung|quai|berg|rain|vorstadt|weg|allee|gasse|graben|strasse|platz| Street| Road)|[0-9]{1,4}(,|\.)? (rue de la|Route des|Route de|Boulevard de|Charing|Via|Pall|Avenue de|Rue|Rue de|Grand|Rue du|rue|St.|Avenue|Place|Avenue de la|Rue de la|Ruelle) [A-Z].{1,15},|[A-Z][a-z]{1,10} (E.| W. S.) [0-9]{1,3})	55, Rigistrasse	1951	63	index						
Ciba Ltd. (manufacturers of plastics and synthetic resins), 141, Klybeckstrasse. Basle.	True	(^.{1,30} ? (Frères|Brothers|Co\.|& Co\.,|Ltd\.|& Cie.,|S\. A\.,|A\.-G\.,|A\. G\.) ?(S. A.)?|^[A-Z]. [A-Z]. \w{1,10}|^ ?[A-Z][a-z]{1,3}\. \w{1,10}-?\w{1,10}|^\w{1,10} & \w{1,10}|^ ?[A-Z]. \w{1,10}|.{1,100} Co\.|^[A-Z][a-z]{1,10} [A-Z][a-z]{1,10},)	Ciba Ltd.	True	(?!\(Mr. Egli; Phone 44.461, Basle\)|\(Vaud\)|\(Grands Magasins Innovation S.A.\)|\(St. Gall\)|\((Grands Magasins Innovation, S.A.)\)|\(agent\)|\(Egypt\)|\(J. Baumgartner\)|\(O. Hauser\)|\(Ch. Mayer, Prop.\)|\(Stockport\)|\(Switzerland\)|\(Burg\)|\(Continental\)|\(1920\)|\(Bury\)|\(England\))\(.{1,150}\),? ?	(manufacturers of plastics and synthetic resins)	True	([0-9]{1,4}(,|\.) [A-Z].{1,15}(sprung|quai|berg|rain|vorstadt|weg|allee|gasse|graben|strasse|platz| Street| Road)|[0-9]{1,4}(,|\.)? (rue de la|Route des|Route de|Boulevard de|Charing|Via|Pall|Avenue de|Rue|Rue de|Grand|Rue du|rue|St.|Avenue|Place|Avenue de la|Rue de la|Ruelle) [A-Z].{1,15},|[A-Z][a-z]{1,10} (E.| W. S.) [0-9]{1,3})	141, Klybeckstrasse	1951	63	index	True	Basle.	Basle.			
Dubois Plastics (plastic materials for constructional and general industrial pur¬ poses), chemin des Flumeaux, Prilly-Lausanne.				True	(?!\(Mr. Egli; Phone 44.461, Basle\)|\(Vaud\)|\(Grands Magasins Innovation S.A.\)|\(St. Gall\)|\((Grands Magasins Innovation, S.A.)\)|\(agent\)|\(Egypt\)|\(J. Baumgartner\)|\(O. Hauser\)|\(Ch. Mayer, Prop.\)|\(Stockport\)|\(Switzerland\)|\(Burg\)|\(Continental\)|\(1920\)|\(Bury\)|\(England\))\(.{1,150}\),? ?	(plastic materials for constructional and general industrial pur¬ poses)				1951	63	index	True	Lausanne.	Lausanne.			
Engler & Co. (importers of plastic raw materials). 7, Stadthausquai, Zürich 1	True	(^.{1,30} ? (Frères|Brothers|Co\.|& Co\.,|Ltd\.|& Cie.,|S\. A\.,|A\.-G\.,|A\. G\.) ?(S. A.)?|^[A-Z]. [A-Z]. \w{1,10}|^ ?[A-Z][a-z]{1,3}\. \w{1,10}-?\w{1,10}|^\w{1,10} & \w{1,10}|^ ?[A-Z]. \w{1,10}|.{1,100} Co\.|^[A-Z][a-z]{1,10} [A-Z][a-z]{1,10},)	Engler & Co.	True	(?!\(Mr. Egli; Phone 44.461, Basle\)|\(Vaud\)|\(Grands Magasins Innovation S.A.\)|\(St. Gall\)|\((Grands Magasins Innovation, S.A.)\)|\(agent\)|\(Egypt\)|\(J. Baumgartner\)|\(O. Hauser\)|\(Ch. Mayer, Prop.\)|\(Stockport\)|\(Switzerland\)|\(Burg\)|\(Continental\)|\(1920\)|\(Bury\)|\(England\))\(.{1,150}\),? ?	(importers of plastic raw materials)	True	([0-9]{1,4}(,|\.) [A-Z].{1,15}(sprung|quai|berg|rain|vorstadt|weg|allee|gasse|graben|strasse|platz| Street| Road)|[0-9]{1,4}(,|\.)? (rue de la|Route des|Route de|Boulevard de|Charing|Via|Pall|Avenue de|Rue|Rue de|Grand|Rue du|rue|St.|Avenue|Place|Avenue de la|Rue de la|Ruelle) [A-Z].{1,15},|[A-Z][a-z]{1,10} (E.| W. S.) [0-9]{1,3})	7, Stadthausquai	1951	63	index						
William Freeman & Co. Ltd. (plastic moulding manufacturers), Subaseal Works. Peel Street, Barnsley, Yorkshire	True	(^.{1,30} ? (Frères|Brothers|Co\.|& Co\.,|Ltd\.|& Cie.,|S\. A\.,|A\.-G\.,|A\. G\.) ?(S. A.)?|^[A-Z]. [A-Z]. \w{1,10}|^ ?[A-Z][a-z]{1,3}\. \w{1,10}-?\w{1,10}|^\w{1,10} & \w{1,10}|^ ?[A-Z]. \w{1,10}|.{1,100} Co\.|^[A-Z][a-z]{1,10} [A-Z][a-z]{1,10},)	William Freeman & Co. Ltd.	True	(?!\(Mr. Egli; Phone 44.461, Basle\)|\(Vaud\)|\(Grands Magasins Innovation S.A.\)|\(St. Gall\)|\((Grands Magasins Innovation, S.A.)\)|\(agent\)|\(Egypt\)|\(J. Baumgartner\)|\(O. Hauser\)|\(Ch. Mayer, Prop.\)|\(Stockport\)|\(Switzerland\)|\(Burg\)|\(Continental\)|\(1920\)|\(Bury\)|\(England\))\(.{1,150}\),? ?	(plastic moulding manufacturers)				1951	63	index						
Hans Rahn & Co. (importers of plasticiers), 30. Talacker, Zürich 1.	True	(^.{1,30} ? (Frères|Brothers|Co\.|& Co\.,|Ltd\.|& Cie.,|S\. A\.,|A\.-G\.,|A\. G\.) ?(S. A.)?|^[A-Z]. [A-Z]. \w{1,10}|^ ?[A-Z][a-z]{1,3}\. \w{1,10}-?\w{1,10}|^\w{1,10} & \w{1,10}|^ ?[A-Z]. \w{1,10}|.{1,100} Co\.|^[A-Z][a-z]{1,10} [A-Z][a-z]{1,10},)	Hans Rahn & Co.	True	(?!\(Mr. Egli; Phone 44.461, Basle\)|\(Vaud\)|\(Grands Magasins Innovation S.A.\)|\(St. Gall\)|\((Grands Magasins Innovation, S.A.)\)|\(agent\)|\(Egypt\)|\(J. Baumgartner\)|\(O. Hauser\)|\(Ch. Mayer, Prop.\)|\(Stockport\)|\(Switzerland\)|\(Burg\)|\(Continental\)|\(1920\)|\(Bury\)|\(England\))\(.{1,150}\),? ?	(importers of plasticiers)				1951	63	index						
Schweizerhall Lid. (importers and exporters of plasticizers), 229, Elsasserstrasse. Basle.				True	(?!\(Mr. Egli; Phone 44.461, Basle\)|\(Vaud\)|\(Grands Magasins Innovation S.A.\)|\(St. Gall\)|\((Grands Magasins Innovation, S.A.)\)|\(agent\)|\(Egypt\)|\(J. Baumgartner\)|\(O. Hauser\)|\(Ch. Mayer, Prop.\)|\(Stockport\)|\(Switzerland\)|\(Burg\)|\(Continental\)|\(1920\)|\(Bury\)|\(England\))\(.{1,150}\),? ?	(importers and exporters of plasticizers)	True	([0-9]{1,4}(,|\.) [A-Z].{1,15}(sprung|quai|berg|rain|vorstadt|weg|allee|gasse|graben|strasse|platz| Street| Road)|[0-9]{1,4}(,|\.)? (rue de la|Route des|Route de|Boulevard de|Charing|Via|Pall|Avenue de|Rue|Rue de|Grand|Rue du|rue|St.|Avenue|Place|Avenue de la|Rue de la|Ruelle) [A-Z].{1,15},|[A-Z][a-z]{1,10} (E.| W. S.) [0-9]{1,3})	229, Elsasserstrasse	1951	63	index	True	Basle.	Basle.			
Société Suisse Clémateite S.A. (plastic moulders and manufacturers of moulds for plastic moulding), Vallorbe.				True	(?!\(Mr. Egli; Phone 44.461, Basle\)|\(Vaud\)|\(Grands Magasins Innovation S.A.\)|\(St. Gall\)|\((Grands Magasins Innovation, S.A.)\)|\(agent\)|\(Egypt\)|\(J. Baumgartner\)|\(O. Hauser\)|\(Ch. Mayer, Prop.\)|\(Stockport\)|\(Switzerland\)|\(Burg\)|\(Continental\)|\(1920\)|\(Bury\)|\(England\))\(.{1,150}\),? ?	(plastic moulders and manufacturers of moulds for plastic moulding)				1951	63	index	True	Vallorbe.	Vallorbe.			
L. Wachendorf & Co., 45, Freiestrasse, Basle.	True	(^.{1,30} ? (Frères|Brothers|Co\.|& Co\.,|Ltd\.|& Cie.,|S\. A\.,|A\.-G\.,|A\. G\.) ?(S. A.)?|^[A-Z]. [A-Z]. \w{1,10}|^ ?[A-Z][a-z]{1,3}\. \w{1,10}-?\w{1,10}|^\w{1,10} & \w{1,10}|^ ?[A-Z]. \w{1,10}|.{1,100} Co\.|^[A-Z][a-z]{1,10} [A-Z][a-z]{1,10},)	L. Wachendorf & Co.				True	([0-9]{1,4}(,|\.) [A-Z].{1,15}(sprung|quai|berg|rain|vorstadt|weg|allee|gasse|graben|strasse|platz| Street| Road)|[0-9]{1,4}(,|\.)? (rue de la|Route des|Route de|Boulevard de|Charing|Via|Pall|Avenue de|Rue|Rue de|Grand|Rue du|rue|St.|Avenue|Place|Avenue de la|Rue de la|Ruelle) [A-Z].{1,15},|[A-Z][a-z]{1,10} (E.| W. S.) [0-9]{1,3})	45, Freiestrasse	1951	63	index	True	Basle.	Basle.			
Plywood										1951	63	index				True	(([A-Z][a-z]{1,10})? ?([A-Z][a-z]{1,10}) \(([A-Z][a-z]{1,10})? ?([a-z]{1,15})?,? ?([a-z]{1,15})\)$|^ ?[A-Z][a-z]{1,20}(( and | und )? ?-?[A-Z][a-z]{1,20})?( and | und )?( ?[A-Z][a-z]{1,20})?( ?\([A-Z][a-z]{1,10}\))?$|^ ?[A-Z][a-z]{1,10} \([A-Z][a-z]{1,10}\) [A-Z][a-z]{1,15}$)	Plywood
Heinrich Grob & Co. (merchants), 25, Röntgenstrasse, Zurich 5.	True	(^.{1,30} ? (Frères|Brothers|Co\.|& Co\.,|Ltd\.|& Cie.,|S\. A\.,|A\.-G\.,|A\. G\.) ?(S. A.)?|^[A-Z]. [A-Z]. \w{1,10}|^ ?[A-Z][a-z]{1,3}\. \w{1,10}-?\w{1,10}|^\w{1,10} & \w{1,10}|^ ?[A-Z]. \w{1,10}|.{1,100} Co\.|^[A-Z][a-z]{1,10} [A-Z][a-z]{1,10},)	Heinrich Grob & Co.	True	(?!\(Mr. Egli; Phone 44.461, Basle\)|\(Vaud\)|\(Grands Magasins Innovation S.A.\)|\(St. Gall\)|\((Grands Magasins Innovation, S.A.)\)|\(agent\)|\(Egypt\)|\(J. Baumgartner\)|\(O. Hauser\)|\(Ch. Mayer, Prop.\)|\(Stockport\)|\(Switzerland\)|\(Burg\)|\(Continental\)|\(1920\)|\(Bury\)|\(England\))\(.{1,150}\),? ?	(merchants)	True	([0-9]{1,4}(,|\.) [A-Z].{1,15}(sprung|quai|berg|rain|vorstadt|weg|allee|gasse|graben|strasse|platz| Street| Road)|[0-9]{1,4}(,|\.)? (rue de la|Route des|Route de|Boulevard de|Charing|Via|Pall|Avenue de|Rue|Rue de|Grand|Rue du|rue|St.|Avenue|Place|Avenue de la|Rue de la|Ruelle) [A-Z].{1,15},|[A-Z][a-z]{1,10} (E.| W. S.) [0-9]{1,3})	25, Röntgenstrasse	1951	63	index						
Keller & Co. Ltd. (manufacturers), Klingnau.	True	(^.{1,30} ? (Frères|Brothers|Co\.|& Co\.,|Ltd\.|& Cie.,|S\. A\.,|A\.-G\.,|A\. G\.) ?(S. A.)?|^[A-Z]. [A-Z]. \w{1,10}|^ ?[A-Z][a-z]{1,3}\. \w{1,10}-?\w{1,10}|^\w{1,10} & \w{1,10}|^ ?[A-Z]. \w{1,10}|.{1,100} Co\.|^[A-Z][a-z]{1,10} [A-Z][a-z]{1,10},)	Keller & Co. Ltd.	True	(?!\(Mr. Egli; Phone 44.461, Basle\)|\(Vaud\)|\(Grands Magasins Innovation S.A.\)|\(St. Gall\)|\((Grands Magasins Innovation, S.A.)\)|\(agent\)|\(Egypt\)|\(J. Baumgartner\)|\(O. Hauser\)|\(Ch. Mayer, Prop.\)|\(Stockport\)|\(Switzerland\)|\(Burg\)|\(Continental\)|\(1920\)|\(Bury\)|\(England\))\(.{1,150}\),? ?	(manufacturers)				1951	63	index						
Stumm & Co. (merchants), Dreispitz, Zufahrtsstrasse 9, Basle.	True	(^.{1,30} ? (Frères|Brothers|Co\.|& Co\.,|Ltd\.|& Cie.,|S\. A\.,|A\.-G\.,|A\. G\.) ?(S. A.)?|^[A-Z]. [A-Z]. \w{1,10}|^ ?[A-Z][a-z]{1,3}\. \w{1,10}-?\w{1,10}|^\w{1,10} & \w{1,10}|^ ?[A-Z]. \w{1,10}|.{1,100} Co\.|^[A-Z][a-z]{1,10} [A-Z][a-z]{1,10},)	Stumm & Co.	True	(?!\(Mr. Egli; Phone 44.461, Basle\)|\(Vaud\)|\(Grands Magasins Innovation S.A.\)|\(St. Gall\)|\((Grands Magasins Innovation, S.A.)\)|\(agent\)|\(Egypt\)|\(J. Baumgartner\)|\(O. Hauser\)|\(Ch. Mayer, Prop.\)|\(Stockport\)|\(Switzerland\)|\(Burg\)|\(Continental\)|\(1920\)|\(Bury\)|\(England\))\(.{1,150}\),? ?	(merchants)				1951	63	index	True	Basle.	Basle.			
