transcription	companypattern_match	company_pattern_item	company_pattern_result	company_list_match	company_list_item	company_list_result	company2_found	company2	page_numbers_found	page_numbers	year	page	range_definition	company_found	company	company3_found	company3
8. Peter, Cailler, Kohler, S. A.	True	(^.{1,30} ? (Frères|Brothers|Co\.|& Co\.,|Ltd\.|& Cie.,|S\. A\.,|A\.-G\.,|A\. G\.) ?(S. A.)?|^[A-Z]. [A-Z]. \w{1,10}|^ ?[A-Z][a-z]{1,3}\. \w{1,10}-?\w{1,10}|^\w{1,10} & \w{1,10}|^ ?[A-Z]. \w{1,10}|.{1,100} Co\.)	Perrin & Co.	True	Peter, Cailler, Kohler, S. A.	Peter, Cailler, Kohler, S. A.	True	Peter, Cailler	True	8	1925	13	alphabetical				
Pfaendler (E.) & Co. 13, 15, 31	True	(^.{1,30} ? (Frères|Brothers|Co\.|& Co\.,|Ltd\.|& Cie.,|S\. A\.,|A\.-G\.,|A\. G\.) ?(S. A.)?|^[A-Z]. [A-Z]. \w{1,10}|^ ?[A-Z][a-z]{1,3}\. \w{1,10}-?\w{1,10}|^\w{1,10} & \w{1,10}|^ ?[A-Z]. \w{1,10}|.{1,100} Co\.)	Pfaendler (E.) & Co.	True	Peter, Cailler, Kohler, S. A.	Peter, Cailler, Kohler, S. A.	True	Pfaendler	True	13, 15, 31	1925	13	alphabetical	True	Pfaendler (E.) & Co.	True	Pfaendler (E.) & Co.
Plantin & Cie.	True	(^.{1,30} ? (Frères|Brothers|Co\.|& Co\.,|Ltd\.|& Cie.,|S\. A\.,|A\.-G\.,|A\. G\.) ?(S. A.)?|^[A-Z]. [A-Z]. \w{1,10}|^ ?[A-Z][a-z]{1,3}\. \w{1,10}-?\w{1,10}|^\w{1,10} & \w{1,10}|^ ?[A-Z]. \w{1,10}|.{1,100} Co\.)	Pfaendler (E.) & Co.	True	Plantin & Cie.	Plantin & Cie.	True	Plantin & Cie			1925	13	alphabetical				
21, 28, 36 Pro Lemano	True	(^.{1,30} ? (Frères|Brothers|Co\.|& Co\.,|Ltd\.|& Cie.,|S\. A\.,|A\.-G\.,|A\. G\.) ?(S. A.)?|^[A-Z]. [A-Z]. \w{1,10}|^ ?[A-Z][a-z]{1,3}\. \w{1,10}-?\w{1,10}|^\w{1,10} & \w{1,10}|^ ?[A-Z]. \w{1,10}|.{1,100} Co\.)	Pfaendler (E.) & Co.	True	Pro Lemano	Pro Lemano	True	Pro Lemano	True	21, 28, 36	1925	13	alphabetical				
16, 35, 40 Ramsden (James), Ltd.	True	(^.{1,30} ? (Frères|Brothers|Co\.|& Co\.,|Ltd\.|& Cie.,|S\. A\.,|A\.-G\.,|A\. G\.) ?(S. A.)?|^[A-Z]. [A-Z]. \w{1,10}|^ ?[A-Z][a-z]{1,3}\. \w{1,10}-?\w{1,10}|^\w{1,10} & \w{1,10}|^ ?[A-Z]. \w{1,10}|.{1,100} Co\.)	16, 35, 40 Ramsden (James), Ltd.	True	Pro Lemano	Pro Lemano	True	Ramsden	True	16, 35, 40	1925	13	alphabetical	True	Ramsden (James), Ltd.	True	Ramsden (James), Ltd.
Reichenbach & Co., Ltd.	True	(^.{1,30} ? (Frères|Brothers|Co\.|& Co\.,|Ltd\.|& Cie.,|S\. A\.,|A\.-G\.,|A\. G\.) ?(S. A.)?|^[A-Z]. [A-Z]. \w{1,10}|^ ?[A-Z][a-z]{1,3}\. \w{1,10}-?\w{1,10}|^\w{1,10} & \w{1,10}|^ ?[A-Z]. \w{1,10}|.{1,100} Co\.)	Reichenbach & Co., Ltd.	True	Pro Lemano	Pro Lemano	True	Reichenbach & Co			1925	13	alphabetical	True	Reichenbach & Co., Ltd.		
Reinhart & Co.	True	(^.{1,30} ? (Frères|Brothers|Co\.|& Co\.,|Ltd\.|& Cie.,|S\. A\.,|A\.-G\.,|A\. G\.) ?(S. A.)?|^[A-Z]. [A-Z]. \w{1,10}|^ ?[A-Z][a-z]{1,3}\. \w{1,10}-?\w{1,10}|^\w{1,10} & \w{1,10}|^ ?[A-Z]. \w{1,10}|.{1,100} Co\.)	Reinhart & Co.	True	Pro Lemano	Pro Lemano	True	Reinhart & Co			1925	13	alphabetical	True	Reinhart & Co.		
Rinderknecht (J.)	True	(^.{1,30} ? (Frères|Brothers|Co\.|& Co\.,|Ltd\.|& Cie.,|S\. A\.,|A\.-G\.,|A\. G\.) ?(S. A.)?|^[A-Z]. [A-Z]. \w{1,10}|^ ?[A-Z][a-z]{1,3}\. \w{1,10}-?\w{1,10}|^\w{1,10} & \w{1,10}|^ ?[A-Z]. \w{1,10}|.{1,100} Co\.)	Reinhart & Co.	True	Pro Lemano	Pro Lemano	True	Rinderknech			1925	13	alphabetical			True	Rinderknecht (J.)
Roneo, A. G.	True	(^.{1,30} ? (Frères|Brothers|Co\.|& Co\.,|Ltd\.|& Cie.,|S\. A\.,|A\.-G\.,|A\. G\.) ?(S. A.)?|^[A-Z]. [A-Z]. \w{1,10}|^ ?[A-Z][a-z]{1,3}\. \w{1,10}-?\w{1,10}|^\w{1,10} & \w{1,10}|^ ?[A-Z]. \w{1,10}|.{1,100} Co\.)	Roneo, A. G.	True	Pro Lemano	Pro Lemano	True	Roneo, A. G.			1925	13	alphabetical	True	Roneo, A. G		
23, 26 Roussy (Th.) "Librairie Anglaise	True	(^.{1,30} ? (Frères|Brothers|Co\.|& Co\.,|Ltd\.|& Cie.,|S\. A\.,|A\.-G\.,|A\. G\.) ?(S. A.)?|^[A-Z]. [A-Z]. \w{1,10}|^ ?[A-Z][a-z]{1,3}\. \w{1,10}-?\w{1,10}|^\w{1,10} & \w{1,10}|^ ?[A-Z]. \w{1,10}|.{1,100} Co\.)	Roneo, A. G.	True	Pro Lemano	Pro Lemano	True	Roussy	True	23, 26	1925	13	alphabetical			True	Roussy (Th.)
Royal Mail Steam Packet Co.	True	(^.{1,30} ? (Frères|Brothers|Co\.|& Co\.,|Ltd\.|& Cie.,|S\. A\.,|A\.-G\.,|A\. G\.) ?(S. A.)?|^[A-Z]. [A-Z]. \w{1,10}|^ ?[A-Z][a-z]{1,3}\. \w{1,10}-?\w{1,10}|^\w{1,10} & \w{1,10}|^ ?[A-Z]. \w{1,10}|.{1,100} Co\.)	Royal Mail Steam Packet Co.	True	Pro Lemano	Pro Lemano	True	Royal Mail			1925	13	alphabetical	True	Royal Mail Steam Packet Co.		
Ruegger & Co.	True	(^.{1,30} ? (Frères|Brothers|Co\.|& Co\.,|Ltd\.|& Cie.,|S\. A\.,|A\.-G\.,|A\. G\.) ?(S. A.)?|^[A-Z]. [A-Z]. \w{1,10}|^ ?[A-Z][a-z]{1,3}\. \w{1,10}-?\w{1,10}|^\w{1,10} & \w{1,10}|^ ?[A-Z]. \w{1,10}|.{1,100} Co\.)	Ruegger & Co.	True	Pro Lemano	Pro Lemano	True	Ruegger & Co			1925	13	alphabetical	True	Ruegger & Co.		
Ryff & Co., Ltd., Swan" Knitting Works	True	(^.{1,30} ? (Frères|Brothers|Co\.|& Co\.,|Ltd\.|& Cie.,|S\. A\.,|A\.-G\.,|A\. G\.) ?(S. A.)?|^[A-Z]. [A-Z]. \w{1,10}|^ ?[A-Z][a-z]{1,3}\. \w{1,10}-?\w{1,10}|^\w{1,10} & \w{1,10}|^ ?[A-Z]. \w{1,10}|.{1,100} Co\.)	Ryff & Co., Ltd.	True	Pro Lemano	Pro Lemano	True	Ryff & Co			1925	13	alphabetical	True	Ryff & Co., Ltd.		
Sandoz Chemical Co., Ltd.	True	(^.{1,30} ? (Frères|Brothers|Co\.|& Co\.,|Ltd\.|& Cie.,|S\. A\.,|A\.-G\.,|A\. G\.) ?(S. A.)?|^[A-Z]. [A-Z]. \w{1,10}|^ ?[A-Z][a-z]{1,3}\. \w{1,10}-?\w{1,10}|^\w{1,10} & \w{1,10}|^ ?[A-Z]. \w{1,10}|.{1,100} Co\.)	Sandoz Chemical Co., Ltd.	True	Pro Lemano	Pro Lemano	True	Sandoz Chemical			1925	13	alphabetical	True	Sandoz Chemical Co., Ltd.		
16, 21 Sandreuter & Co.	True	(^.{1,30} ? (Frères|Brothers|Co\.|& Co\.,|Ltd\.|& Cie.,|S\. A\.,|A\.-G\.,|A\. G\.) ?(S. A.)?|^[A-Z]. [A-Z]. \w{1,10}|^ ?[A-Z][a-z]{1,3}\. \w{1,10}-?\w{1,10}|^\w{1,10} & \w{1,10}|^ ?[A-Z]. \w{1,10}|.{1,100} Co\.)	16, 21 Sandreuter & Co.	True	Pro Lemano	Pro Lemano	True	Sandreuter & Co	True	16, 21	1925	13	alphabetical	True	Sandreuter & Co.		
6, 7, 23, 28 Säuberlin & Pfeiffer, S. A. .	True	(^.{1,30} ? (Frères|Brothers|Co\.|& Co\.,|Ltd\.|& Cie.,|S\. A\.,|A\.-G\.,|A\. G\.) ?(S. A.)?|^[A-Z]. [A-Z]. \w{1,10}|^ ?[A-Z][a-z]{1,3}\. \w{1,10}-?\w{1,10}|^\w{1,10} & \w{1,10}|^ ?[A-Z]. \w{1,10}|.{1,100} Co\.)	16, 21 Sandreuter & Co.	True	Säuberlin & Pfeiffer, S. A.	Säuberlin & Pfeiffer, S. A.	True	Pfeiffer, S. A.	True	6, 7, 23, 28	1925	13	alphabetical				
Sarasin Söhne, A. G.	True	(^.{1,30} ? (Frères|Brothers|Co\.|& Co\.,|Ltd\.|& Cie.,|S\. A\.,|A\.-G\.,|A\. G\.) ?(S. A.)?|^[A-Z]. [A-Z]. \w{1,10}|^ ?[A-Z][a-z]{1,3}\. \w{1,10}-?\w{1,10}|^\w{1,10} & \w{1,10}|^ ?[A-Z]. \w{1,10}|.{1,100} Co\.)	Sarasin Söhne, A. G.	True	Säuberlin & Pfeiffer, S. A.	Säuberlin & Pfeiffer, S. A.	True	Sarasin			1925	13	alphabetical	True	Sarasin Söhne, A. G		
Sarasin (Rodolphe) & Co., Ltd.	True	(^.{1,30} ? (Frères|Brothers|Co\.|& Co\.,|Ltd\.|& Cie.,|S\. A\.,|A\.-G\.,|A\. G\.) ?(S. A.)?|^[A-Z]. [A-Z]. \w{1,10}|^ ?[A-Z][a-z]{1,3}\. \w{1,10}-?\w{1,10}|^\w{1,10} & \w{1,10}|^ ?[A-Z]. \w{1,10}|.{1,100} Co\.)	Sarasin (Rodolphe) & Co., Ltd.	True	Säuberlin & Pfeiffer, S. A.	Säuberlin & Pfeiffer, S. A.	True	Sarasin (Rodolphe) &			1925	13	alphabetical	True	Sarasin (Rodolphe) &	True	Sarasin (Rodolphe) & Co., Ltd.
Sarasin (W.) & Co., Ltd.	True	(^.{1,30} ? (Frères|Brothers|Co\.|& Co\.,|Ltd\.|& Cie.,|S\. A\.,|A\.-G\.,|A\. G\.) ?(S. A.)?|^[A-Z]. [A-Z]. \w{1,10}|^ ?[A-Z][a-z]{1,3}\. \w{1,10}-?\w{1,10}|^\w{1,10} & \w{1,10}|^ ?[A-Z]. \w{1,10}|.{1,100} Co\.)	Sarasin (W.) & Co., Ltd.	True	Säuberlin & Pfeiffer, S. A.	Säuberlin & Pfeiffer, S. A.	True	Sarasin			1925	13	alphabetical	True	Sarasin (W.) &	True	Sarasin (W.) & Co., Ltd.
4, 12, 14. Sauerstoff- und Wasserstoffwerk, A. G.	True	(^.{1,30} ? (Frères|Brothers|Co\.|& Co\.,|Ltd\.|& Cie.,|S\. A\.,|A\.-G\.,|A\. G\.) ?(S. A.)?|^[A-Z]. [A-Z]. \w{1,10}|^ ?[A-Z][a-z]{1,3}\. \w{1,10}-?\w{1,10}|^\w{1,10} & \w{1,10}|^ ?[A-Z]. \w{1,10}|.{1,100} Co\.)	Sarasin (W.) & Co., Ltd.	True	Sauerstoff- und Wasserstoffwerk, A. G.	Sauerstoff- und Wasserstoffwerk, A. G.	True	Sauerstoff	True	4, 12, 14	1925	13	alphabetical	True	Wasserstoffwerk, A. G		
23, 24, Saurer (Adolphe) S. A.	True	(^.{1,30} ? (Frères|Brothers|Co\.|& Co\.,|Ltd\.|& Cie.,|S\. A\.,|A\.-G\.,|A\. G\.) ?(S. A.)?|^[A-Z]. [A-Z]. \w{1,10}|^ ?[A-Z][a-z]{1,3}\. \w{1,10}-?\w{1,10}|^\w{1,10} & \w{1,10}|^ ?[A-Z]. \w{1,10}|.{1,100} Co\.)	Sarasin (W.) & Co., Ltd.	True	Sauerstoff- und Wasserstoffwerk, A. G.	Sauerstoff- und Wasserstoffwerk, A. G.	True	Saurer (Adolphe)	True	23, 24	1925	13	alphabetical			True	Saurer (Adolphe) S. A.
6, 9, 26 Sauter (Fritz) A. G.	True	(^.{1,30} ? (Frères|Brothers|Co\.|& Co\.,|Ltd\.|& Cie.,|S\. A\.,|A\.-G\.,|A\. G\.) ?(S. A.)?|^[A-Z]. [A-Z]. \w{1,10}|^ ?[A-Z][a-z]{1,3}\. \w{1,10}-?\w{1,10}|^\w{1,10} & \w{1,10}|^ ?[A-Z]. \w{1,10}|.{1,100} Co\.)	6, 9, 26 Sauter (Fritz) A. G.	True	Sauerstoff- und Wasserstoffwerk, A. G.	Sauerstoff- und Wasserstoffwerk, A. G.	True	Sauter (Fritz)	True	6, 9, 26	1925	13	alphabetical	True	Sauter (Fritz) A. G	True	Sauter (Fritz) A. G.
Seiler & Co., A. G.	True	(^.{1,30} ? (Frères|Brothers|Co\.|& Co\.,|Ltd\.|& Cie.,|S\. A\.,|A\.-G\.,|A\. G\.) ?(S. A.)?|^[A-Z]. [A-Z]. \w{1,10}|^ ?[A-Z][a-z]{1,3}\. \w{1,10}-?\w{1,10}|^\w{1,10} & \w{1,10}|^ ?[A-Z]. \w{1,10}|.{1,100} Co\.)	Seiler & Co., A. G.	True	Sauerstoff- und Wasserstoffwerk, A. G.	Sauerstoff- und Wasserstoffwerk, A. G.	True	Seiler & Co			1925	13	alphabetical	True	Seiler & Co., A. G		
Selve & Co. (Swiss Metal Works)	True	(^.{1,30} ? (Frères|Brothers|Co\.|& Co\.,|Ltd\.|& Cie.,|S\. A\.,|A\.-G\.,|A\. G\.) ?(S. A.)?|^[A-Z]. [A-Z]. \w{1,10}|^ ?[A-Z][a-z]{1,3}\. \w{1,10}-?\w{1,10}|^\w{1,10} & \w{1,10}|^ ?[A-Z]. \w{1,10}|.{1,100} Co\.)	Selve & Co.	True	Sauerstoff- und Wasserstoffwerk, A. G.	Sauerstoff- und Wasserstoffwerk, A. G.	True	Selve & Co			1925	13	alphabetical	True	Selve & Co.		
Senn & Co.	True	(^.{1,30} ? (Frères|Brothers|Co\.|& Co\.,|Ltd\.|& Cie.,|S\. A\.,|A\.-G\.,|A\. G\.) ?(S. A.)?|^[A-Z]. [A-Z]. \w{1,10}|^ ?[A-Z][a-z]{1,3}\. \w{1,10}-?\w{1,10}|^\w{1,10} & \w{1,10}|^ ?[A-Z]. \w{1,10}|.{1,100} Co\.)	Senn & Co.	True	Sauerstoff- und Wasserstoffwerk, A. G.	Sauerstoff- und Wasserstoffwerk, A. G.	True	Senn & Co			1925	13	alphabetical	True	Senn & Co.		
7, 13, 15 Siegfried (B.) Aktiengesellschaft vorm.	True	(^.{1,30} ? (Frères|Brothers|Co\.|& Co\.,|Ltd\.|& Cie.,|S\. A\.,|A\.-G\.,|A\. G\.) ?(S. A.)?|^[A-Z]. [A-Z]. \w{1,10}|^ ?[A-Z][a-z]{1,3}\. \w{1,10}-?\w{1,10}|^\w{1,10} & \w{1,10}|^ ?[A-Z]. \w{1,10}|.{1,100} Co\.)	Senn & Co.	True	Sauerstoff- und Wasserstoffwerk, A. G.	Sauerstoff- und Wasserstoffwerk, A. G.	True	Siegfried	True	7, 13, 15	1925	13	alphabetical			True	Siegfried (B.)
22. Siegrist (Gebrüder) & Co.	True	(^.{1,30} ? (Frères|Brothers|Co\.|& Co\.,|Ltd\.|& Cie.,|S\. A\.,|A\.-G\.,|A\. G\.) ?(S. A.)?|^[A-Z]. [A-Z]. \w{1,10}|^ ?[A-Z][a-z]{1,3}\. \w{1,10}-?\w{1,10}|^\w{1,10} & \w{1,10}|^ ?[A-Z]. \w{1,10}|.{1,100} Co\.)	22. Siegrist (Gebrüder) & Co.	True	Sauerstoff- und Wasserstoffwerk, A. G.	Sauerstoff- und Wasserstoffwerk, A. G.	True	Siegrist	True	22	1925	13	alphabetical	True	Siegrist (Gebrüder) & Co.	True	Siegrist (Gebrüder) & Co.
Sigg, Ltd.	True	(^.{1,30} ? (Frères|Brothers|Co\.|& Co\.,|Ltd\.|& Cie.,|S\. A\.,|A\.-G\.,|A\. G\.) ?(S. A.)?|^[A-Z]. [A-Z]. \w{1,10}|^ ?[A-Z][a-z]{1,3}\. \w{1,10}-?\w{1,10}|^\w{1,10} & \w{1,10}|^ ?[A-Z]. \w{1,10}|.{1,100} Co\.)	Sigg, Ltd.	True	Sauerstoff- und Wasserstoffwerk, A. G.	Sauerstoff- und Wasserstoffwerk, A. G.	True	Sigg, Ltd			1925	13	alphabetical	True	Sigg, Ltd.		
"Simex Soc., Coop. 3, 9, 10, 16, 18.20, 28, 30, 33, 35	True	(^.{1,30} ? (Frères|Brothers|Co\.|& Co\.,|Ltd\.|& Cie.,|S\. A\.,|A\.-G\.,|A\. G\.) ?(S. A.)?|^[A-Z]. [A-Z]. \w{1,10}|^ ?[A-Z][a-z]{1,3}\. \w{1,10}-?\w{1,10}|^\w{1,10} & \w{1,10}|^ ?[A-Z]. \w{1,10}|.{1,100} Co\.)	Sigg, Ltd.	True	Sauerstoff- und Wasserstoffwerk, A. G.	Sauerstoff- und Wasserstoffwerk, A. G.	True	Simex Soc	True	20, 28, 30, 33, 35	1925	13	alphabetical				
Simonius, Vischer & Co.	True	(^.{1,30} ? (Frères|Brothers|Co\.|& Co\.,|Ltd\.|& Cie.,|S\. A\.,|A\.-G\.,|A\. G\.) ?(S. A.)?|^[A-Z]. [A-Z]. \w{1,10}|^ ?[A-Z][a-z]{1,3}\. \w{1,10}-?\w{1,10}|^\w{1,10} & \w{1,10}|^ ?[A-Z]. \w{1,10}|.{1,100} Co\.)	Simonius, Vischer & Co.	True	Sauerstoff- und Wasserstoffwerk, A. G.	Sauerstoff- und Wasserstoffwerk, A. G.	True	Simonius, Vischer			1925	13	alphabetical	True	Simonius, Vischer & Co.		
3, 20, 24, Skipworth (G. P.	True	(^.{1,30} ? (Frères|Brothers|Co\.|& Co\.,|Ltd\.|& Cie.,|S\. A\.,|A\.-G\.,|A\. G\.) ?(S. A.)?|^[A-Z]. [A-Z]. \w{1,10}|^ ?[A-Z][a-z]{1,3}\. \w{1,10}-?\w{1,10}|^\w{1,10} & \w{1,10}|^ ?[A-Z]. \w{1,10}|.{1,100} Co\.)	Simonius, Vischer & Co.	True	Sauerstoff- und Wasserstoffwerk, A. G.	Sauerstoff- und Wasserstoffwerk, A. G.	True	Skipworth	True	3, 20, 24	1925	13	alphabetical				
Soc. An. des Aciéries ci-devant Georges Fischer 11, 24, 33,34, 37	True	(^.{1,30} ? (Frères|Brothers|Co\.|& Co\.,|Ltd\.|& Cie.,|S\. A\.,|A\.-G\.,|A\. G\.) ?(S. A.)?|^[A-Z]. [A-Z]. \w{1,10}|^ ?[A-Z][a-z]{1,3}\. \w{1,10}-?\w{1,10}|^\w{1,10} & \w{1,10}|^ ?[A-Z]. \w{1,10}|.{1,100} Co\.)	Soc. An	True	Sauerstoff- und Wasserstoffwerk, A. G.	Sauerstoff- und Wasserstoffwerk, A. G.	True	Soc	True	11, 24, 33,34, 37	1925	13	alphabetical				
Société Générale Arda, S. A.	True	(^.{1,30} ? (Frères|Brothers|Co\.|& Co\.,|Ltd\.|& Cie.,|S\. A\.,|A\.-G\.,|A\. G\.) ?(S. A.)?|^[A-Z]. [A-Z]. \w{1,10}|^ ?[A-Z][a-z]{1,3}\. \w{1,10}-?\w{1,10}|^\w{1,10} & \w{1,10}|^ ?[A-Z]. \w{1,10}|.{1,100} Co\.)	Soc. An	True	Sauerstoff- und Wasserstoffwerk, A. G.	Sauerstoff- und Wasserstoffwerk, A. G.	True	Soci			1925	13	alphabetical				
Société des Hôteliers de Lausanne-Ouchy	True	(^.{1,30} ? (Frères|Brothers|Co\.|& Co\.,|Ltd\.|& Cie.,|S\. A\.,|A\.-G\.,|A\. G\.) ?(S. A.)?|^[A-Z]. [A-Z]. \w{1,10}|^ ?[A-Z][a-z]{1,3}\. \w{1,10}-?\w{1,10}|^\w{1,10} & \w{1,10}|^ ?[A-Z]. \w{1,10}|.{1,100} Co\.)	Soc. An	True	Société des Hôteliers de Lausanne-Ouchy	Société des Hôteliers de Lausanne-Ouchy	True	Soci			1925	13	alphabetical				
Société Genevoise d'Instruments de Physique 14, 20, 21	True	(^.{1,30} ? (Frères|Brothers|Co\.|& Co\.,|Ltd\.|& Cie.,|S\. A\.,|A\.-G\.,|A\. G\.) ?(S. A.)?|^[A-Z]. [A-Z]. \w{1,10}|^ ?[A-Z][a-z]{1,3}\. \w{1,10}-?\w{1,10}|^\w{1,10} & \w{1,10}|^ ?[A-Z]. \w{1,10}|.{1,100} Co\.)	Soc. An	True	Société Genevoise d'Instruments de Physique	Société Genevoise d'Instruments de Physique	True	Soci	True	14, 20, 21	1925	13	alphabetical				
4, 7 Society of Chemical Industry in Basle	True	(^.{1,30} ? (Frères|Brothers|Co\.|& Co\.,|Ltd\.|& Cie.,|S\. A\.,|A\.-G\.,|A\. G\.) ?(S. A.)?|^[A-Z]. [A-Z]. \w{1,10}|^ ?[A-Z][a-z]{1,3}\. \w{1,10}-?\w{1,10}|^\w{1,10} & \w{1,10}|^ ?[A-Z]. \w{1,10}|.{1,100} Co\.)	Soc. An	True	Society of Chemical Industry in Basle	Society of Chemical Industry in Basle	True	Society	True	4, 7	1925	13	alphabetical				
Société industrielle pour la Schappe	True	(^.{1,30} ? (Frères|Brothers|Co\.|& Co\.,|Ltd\.|& Cie.,|S\. A\.,|A\.-G\.,|A\. G\.) ?(S. A.)?|^[A-Z]. [A-Z]. \w{1,10}|^ ?[A-Z][a-z]{1,3}\. \w{1,10}-?\w{1,10}|^\w{1,10} & \w{1,10}|^ ?[A-Z]. \w{1,10}|.{1,100} Co\.)	Soc. An	True	Society of Chemical Industry in Basle	Society of Chemical Industry in Basle	True	Soci			1925	13	alphabetical				
Spyk (G. van)	True	(^.{1,30} ? (Frères|Brothers|Co\.|& Co\.,|Ltd\.|& Cie.,|S\. A\.,|A\.-G\.,|A\. G\.) ?(S. A.)?|^[A-Z]. [A-Z]. \w{1,10}|^ ?[A-Z][a-z]{1,3}\. \w{1,10}-?\w{1,10}|^\w{1,10} & \w{1,10}|^ ?[A-Z]. \w{1,10}|.{1,100} Co\.)	Soc. An	True	Society of Chemical Industry in Basle	Society of Chemical Industry in Basle	True	Spyk			1925	13	alphabetical			True	Spyk (G. van)
Stehli & Co.	True	(^.{1,30} ? (Frères|Brothers|Co\.|& Co\.,|Ltd\.|& Cie.,|S\. A\.,|A\.-G\.,|A\. G\.) ?(S. A.)?|^[A-Z]. [A-Z]. \w{1,10}|^ ?[A-Z][a-z]{1,3}\. \w{1,10}-?\w{1,10}|^\w{1,10} & \w{1,10}|^ ?[A-Z]. \w{1,10}|.{1,100} Co\.)	Stehli & Co.	True	Society of Chemical Industry in Basle	Society of Chemical Industry in Basle	True	Stehli & Co			1925	13	alphabetical	True	Stehli & Co.		
Still (W. M.) & Sons, Ltd. 89	True	(^.{1,30} ? (Frères|Brothers|Co\.|& Co\.,|Ltd\.|& Cie.,|S\. A\.,|A\.-G\.,|A\. G\.) ?(S. A.)?|^[A-Z]. [A-Z]. \w{1,10}|^ ?[A-Z][a-z]{1,3}\. \w{1,10}-?\w{1,10}|^\w{1,10} & \w{1,10}|^ ?[A-Z]. \w{1,10}|.{1,100} Co\.)	Still (W. M.) & Sons, Ltd.	True	Still (W. M.) & Sons, Ltd.	Still (W. M.) & Sons, Ltd.	True	Still	True	89	1925	13	alphabetical	True	Still (W. M.) & Sons	True	Still (W. M.) & Son
Suchard, S. A.	True	(^.{1,30} ? (Frères|Brothers|Co\.|& Co\.,|Ltd\.|& Cie.,|S\. A\.,|A\.-G\.,|A\. G\.) ?(S. A.)?|^[A-Z]. [A-Z]. \w{1,10}|^ ?[A-Z][a-z]{1,3}\. \w{1,10}-?\w{1,10}|^\w{1,10} & \w{1,10}|^ ?[A-Z]. \w{1,10}|.{1,100} Co\.)	Still (W. M.) & Sons, Ltd.	True	Still (W. M.) & Sons, Ltd.	Still (W. M.) & Sons, Ltd.	True	Suchard, S. A.			1925	13	alphabetical				
Sulzer Frères, S. A. 6, 7, 10, 12, 13, 15, 16, 17, 18, 19, 20, 21 24. 27, 28, 29, 33, 34	True	(^.{1,30} ? (Frères|Brothers|Co\.|& Co\.,|Ltd\.|& Cie.,|S\. A\.,|A\.-G\.,|A\. G\.) ?(S. A.)?|^[A-Z]. [A-Z]. \w{1,10}|^ ?[A-Z][a-z]{1,3}\. \w{1,10}-?\w{1,10}|^\w{1,10} & \w{1,10}|^ ?[A-Z]. \w{1,10}|.{1,100} Co\.)	Sulzer Frères	True	Still (W. M.) & Sons, Ltd.	Still (W. M.) & Sons, Ltd.	True	Sulzer Fr	True	27, 28, 29, 33, 34	1925	13	alphabetical	True	Sulzer Frère		
"Sunlight", Savonnerie	True	(^.{1,30} ? (Frères|Brothers|Co\.|& Co\.,|Ltd\.|& Cie.,|S\. A\.,|A\.-G\.,|A\. G\.) ?(S. A.)?|^[A-Z]. [A-Z]. \w{1,10}|^ ?[A-Z][a-z]{1,3}\. \w{1,10}-?\w{1,10}|^\w{1,10} & \w{1,10}|^ ?[A-Z]. \w{1,10}|.{1,100} Co\.)	Sulzer Frères	True	Still (W. M.) & Sons, Ltd.	Still (W. M.) & Sons, Ltd.	True	Sunlight			1925	13	alphabetical				
Swiss Aluminium Rolling Mills Trading Association, Ltd.	True	(^.{1,30} ? (Frères|Brothers|Co\.|& Co\.,|Ltd\.|& Cie.,|S\. A\.,|A\.-G\.,|A\. G\.) ?(S. A.)?|^[A-Z]. [A-Z]. \w{1,10}|^ ?[A-Z][a-z]{1,3}\. \w{1,10}-?\w{1,10}|^\w{1,10} & \w{1,10}|^ ?[A-Z]. \w{1,10}|.{1,100} Co\.)	Sulzer Frères	True	Still (W. M.) & Sons, Ltd.	Still (W. M.) & Sons, Ltd.	True	Swiss Aluminium			1925	13	alphabetical	True	Mills Trading Association, Ltd.		
Swiss Bank Corporation, Basle	True	(^.{1,30} ? (Frères|Brothers|Co\.|& Co\.,|Ltd\.|& Cie.,|S\. A\.,|A\.-G\.,|A\. G\.) ?(S. A.)?|^[A-Z]. [A-Z]. \w{1,10}|^ ?[A-Z][a-z]{1,3}\. \w{1,10}-?\w{1,10}|^\w{1,10} & \w{1,10}|^ ?[A-Z]. \w{1,10}|.{1,100} Co\.)	Sulzer Frères	True	Swiss Bank Corporation	Swiss Bank Corporation	True	Swiss Bank			1925	13	alphabetical				
Swiss Bank Corporation, Lausanne	True	(^.{1,30} ? (Frères|Brothers|Co\.|& Co\.,|Ltd\.|& Cie.,|S\. A\.,|A\.-G\.,|A\. G\.) ?(S. A.)?|^[A-Z]. [A-Z]. \w{1,10}|^ ?[A-Z][a-z]{1,3}\. \w{1,10}-?\w{1,10}|^\w{1,10} & \w{1,10}|^ ?[A-Z]. \w{1,10}|.{1,100} Co\.)	Sulzer Frères	True	Swiss Bank Corporation	Swiss Bank Corporation	True	Swiss Bank			1925	13	alphabetical				
Swiss Gas Stove Co., and "Electra	True	(^.{1,30} ? (Frères|Brothers|Co\.|& Co\.,|Ltd\.|& Cie.,|S\. A\.,|A\.-G\.,|A\. G\.) ?(S. A.)?|^[A-Z]. [A-Z]. \w{1,10}|^ ?[A-Z][a-z]{1,3}\. \w{1,10}-?\w{1,10}|^\w{1,10} & \w{1,10}|^ ?[A-Z]. \w{1,10}|.{1,100} Co\.)	Swiss Gas Stove Co.	True	Swiss Bank Corporation	Swiss Bank Corporation	True	Swiss Gas			1925	13	alphabetical	True	Swiss Gas Stove Co.		
