transcription	title_pattern_match	title_pattern_item	title_pattern_result	year	page	range_definition	company_pattern_match	company_pattern_item	company_pattern_result	goods_pattern_match	goods_pattern_item	goods_pattern_result	address_list_match	address_list_item	address_list_result	location_list_match	location_list_item	location_list_result	company_list_match	company_list_item	company_list_result	company_best_match	company_best_match_type	address_pattern_match	address_pattern_item	address_pattern_result	address_best_match	address_best_match_type
Hat Leather Manufacturers	True	(([A-Z][a-z]{1,10})? ?([A-Z][a-z]{1,10}) \(([A-Z][a-z]{1,10})? ?([a-z]{1,15})?,? ?([a-z]{1,15})\)$|^ ?[A-Z][a-z]{1,20}(( and | und )? ?-?[A-Z][a-z]{1,20})?( and | und )?( ?[A-Z][a-z]{1,20})?( ?\([A-Z][a-z]{1,10}\))?$|^ ?[A-Z][a-z]{1,10} \([A-Z][a-z]{1,10}\) [A-Z][a-z]{1,15}$)	Hat Leather Manufacturers	1923	40	index																						
Dean & Co. (Stockport), Ltd., Cheadle Heath Works, Stockport (England).				1923	40	index	True	(^.{1,30} ? (Frères|Brothers|Co\.|& Co\.,|Ltd\.|& Cie.,|S\. A\.,|A\.-G\.,|A\. G\.) ?(S. A.)?|^[A-Z]. [A-Z]. \w{1,10}|^ ?[A-Z][a-z]{1,3}\. \w{1,10}-?\w{1,10}|^\w{1,10} & \w{1,10}|^ ?[A-Z]. \w{1,10}|.{1,100} Co\.)	Dean & Co. (Stockport), Ltd.	True	(\(.{1,150}\),? ?)	(Stockport), Ltd., Cheadle Heath Works, Stockport (England)	True	Cheadle Heath Works	Cheadle Heath Works													
Haulage Plant	True	(([A-Z][a-z]{1,10})? ?([A-Z][a-z]{1,10}) \(([A-Z][a-z]{1,10})? ?([a-z]{1,15})?,? ?([a-z]{1,15})\)$|^ ?[A-Z][a-z]{1,20}(( and | und )? ?-?[A-Z][a-z]{1,20})?( and | und )?( ?[A-Z][a-z]{1,20})?( ?\([A-Z][a-z]{1,10}\))?$|^ ?[A-Z][a-z]{1,10} \([A-Z][a-z]{1,10}\) [A-Z][a-z]{1,15}$)	Haulage Plant	1923	40	index																						
A. G. Brown, Boveri & Co., Baden (Switzerland).				1923	40	index	True	(^.{1,30} ? (Frères|Brothers|Co\.|& Co\.,|Ltd\.|& Cie.,|S\. A\.,|A\.-G\.,|A\. G\.) ?(S. A.)?|^[A-Z]. [A-Z]. \w{1,10}|^ ?[A-Z][a-z]{1,3}\. \w{1,10}-?\w{1,10}|^\w{1,10} & \w{1,10}|^ ?[A-Z]. \w{1,10}|.{1,100} Co\.)	A. G. Brown, Boveri & Co.	True	(\(.{1,150}\),? ?)	(Switzerland)				True	Baden (Switzerland).	Baden (Switzerland).										
Heating Plant	True	(([A-Z][a-z]{1,10})? ?([A-Z][a-z]{1,10}) \(([A-Z][a-z]{1,10})? ?([a-z]{1,15})?,? ?([a-z]{1,15})\)$|^ ?[A-Z][a-z]{1,20}(( and | und )? ?-?[A-Z][a-z]{1,20})?( and | und )?( ?[A-Z][a-z]{1,20})?( ?\([A-Z][a-z]{1,10}\))?$|^ ?[A-Z][a-z]{1,10} \([A-Z][a-z]{1,10}\) [A-Z][a-z]{1,15}$)	Heating Plant	1923	40	index																						
"Calorie" S. A., 5/7, Rue de l'Est, Geneva.				1923	40	index	True	(^.{1,30} ? (Frères|Brothers|Co\.|& Co\.,|Ltd\.|& Cie.,|S\. A\.,|A\.-G\.,|A\. G\.) ?(S. A.)?|^[A-Z]. [A-Z]. \w{1,10}|^ ?[A-Z][a-z]{1,3}\. \w{1,10}-?\w{1,10}|^\w{1,10} & \w{1,10}|^ ?[A-Z]. \w{1,10}|.{1,100} Co\.)	"Calorie" S. A.				True	5/7, Rue de l'Est	5/7, Rue de l'Est	True	Geneva.	Geneva.										
Sulzer Frères S. A., Winterthur.				1923	40	index	True	(^.{1,30} ? (Frères|Brothers|Co\.|& Co\.,|Ltd\.|& Cie.,|S\. A\.,|A\.-G\.,|A\. G\.) ?(S. A.)?|^[A-Z]. [A-Z]. \w{1,10}|^ ?[A-Z][a-z]{1,3}\. \w{1,10}-?\w{1,10}|^\w{1,10} & \w{1,10}|^ ?[A-Z]. \w{1,10}|.{1,100} Co\.)	Sulzer Frères S. A.							True	Winterthur.	Winterthur.										
Heel (Wooden) Manufacturers	True	(([A-Z][a-z]{1,10})? ?([A-Z][a-z]{1,10}) \(([A-Z][a-z]{1,10})? ?([a-z]{1,15})?,? ?([a-z]{1,15})\)$|^ ?[A-Z][a-z]{1,20}(( and | und )? ?-?[A-Z][a-z]{1,20})?( and | und )?( ?[A-Z][a-z]{1,20})?( ?\([A-Z][a-z]{1,10}\))?$|^ ?[A-Z][a-z]{1,10} \([A-Z][a-z]{1,10}\) [A-Z][a-z]{1,15}$)	Heel (Wooden) Manufacturers	1923	40	index																						
Bally Shoe Factories, Ltd., Schönenwerd.				1923	40	index	True	(^.{1,30} ? (Frères|Brothers|Co\.|& Co\.,|Ltd\.|& Cie.,|S\. A\.,|A\.-G\.,|A\. G\.) ?(S. A.)?|^[A-Z]. [A-Z]. \w{1,10}|^ ?[A-Z][a-z]{1,3}\. \w{1,10}-?\w{1,10}|^\w{1,10} & \w{1,10}|^ ?[A-Z]. \w{1,10}|.{1,100} Co\.)	Bally Shoe Factories, Ltd.																			
Hides (Dealers in)	True	(([A-Z][a-z]{1,10})? ?([A-Z][a-z]{1,10}) \(([A-Z][a-z]{1,10})? ?([a-z]{1,15})?,? ?([a-z]{1,15})\)$|^ ?[A-Z][a-z]{1,20}(( and | und )? ?-?[A-Z][a-z]{1,20})?( and | und )?( ?[A-Z][a-z]{1,20})?( ?\([A-Z][a-z]{1,10}\))?$|^ ?[A-Z][a-z]{1,10} \([A-Z][a-z]{1,10}\) [A-Z][a-z]{1,15}$)	Hides (Dealers in)	1923	40	index																						
British Tanners, Ltd., 67, Dale Street, Liverpool.				1923	40	index	True	(^.{1,30} ? (Frères|Brothers|Co\.|& Co\.,|Ltd\.|& Cie.,|S\. A\.,|A\.-G\.,|A\. G\.) ?(S. A.)?|^[A-Z]. [A-Z]. \w{1,10}|^ ?[A-Z][a-z]{1,3}\. \w{1,10}-?\w{1,10}|^\w{1,10} & \w{1,10}|^ ?[A-Z]. \w{1,10}|.{1,100} Co\.)	British Tanners, Ltd.							True	Liverpool.	Liverpool.	True	British Tanners, Ltd	British Tanners, Ltd	British Tanners, Ltd.	pattern	True	([0-9]{1,4}(,|\.) [A-Z].{1,15}(quai|berg|rain|vorstadt|weg|allee|gasse|graben|strasse|platz| Street| Road)|[0-9]{1,4}(,|\.)? (rue de la|Route des|Route de|Boulevard de|Charing|Via|Pall|Avenue de|Rue|Rue de|Grand|Rue du|rue|St.|Avenue|Place|Avenue de la|Rue de la|Ruelle) [A-Z].{1,15},|[A-Z][a-z]{1,10} (E.| W. S.) [0-9]{1,3})	67, Dale Street		
C. Mc. Intyre Brown, Case Postale, rue du Rhône 1698, Geneva.				1923	40	index	True	(^.{1,30} ? (Frères|Brothers|Co\.|& Co\.,|Ltd\.|& Cie.,|S\. A\.,|A\.-G\.,|A\. G\.) ?(S. A.)?|^[A-Z]. [A-Z]. \w{1,10}|^ ?[A-Z][a-z]{1,3}\. \w{1,10}-?\w{1,10}|^\w{1,10} & \w{1,10}|^ ?[A-Z]. \w{1,10}|.{1,100} Co\.)	C. Mc							True	Geneva.	Geneva.	True	C. Mc. Intyre Brown	C. Mc. Intyre Brown	C. Mc. Intyre Brown	list					
Hoofs and Horns	True	(([A-Z][a-z]{1,10})? ?([A-Z][a-z]{1,10}) \(([A-Z][a-z]{1,10})? ?([a-z]{1,15})?,? ?([a-z]{1,15})\)$|^ ?[A-Z][a-z]{1,20}(( and | und )? ?-?[A-Z][a-z]{1,20})?( and | und )?( ?[A-Z][a-z]{1,20})?( ?\([A-Z][a-z]{1,10}\))?$|^ ?[A-Z][a-z]{1,10} \([A-Z][a-z]{1,10}\) [A-Z][a-z]{1,15}$)	Hoofs and Horns	1923	40	index																						
C. Mc. Intyre Brown, Case Postale, rue du Rhône 1698, Geneva.				1923	40	index	True	(^.{1,30} ? (Frères|Brothers|Co\.|& Co\.,|Ltd\.|& Cie.,|S\. A\.,|A\.-G\.,|A\. G\.) ?(S. A.)?|^[A-Z]. [A-Z]. \w{1,10}|^ ?[A-Z][a-z]{1,3}\. \w{1,10}-?\w{1,10}|^\w{1,10} & \w{1,10}|^ ?[A-Z]. \w{1,10}|.{1,100} Co\.)	C. Mc							True	Geneva.	Geneva.	True	C. Mc. Intyre Brown	C. Mc. Intyre Brown	C. Mc. Intyre Brown	list					
Hosepipe und Belting Machinery	True	(([A-Z][a-z]{1,10})? ?([A-Z][a-z]{1,10}) \(([A-Z][a-z]{1,10})? ?([a-z]{1,15})?,? ?([a-z]{1,15})\)$|^ ?[A-Z][a-z]{1,20}(( and | und )? ?-?[A-Z][a-z]{1,20})?( and | und )?( ?[A-Z][a-z]{1,20})?( ?\([A-Z][a-z]{1,10}\))?$|^ ?[A-Z][a-z]{1,10} \([A-Z][a-z]{1,10}\) [A-Z][a-z]{1,15}$)	Hosepipe und Belting Machinery	1923	40	index																						
Robert Hall & Sons (Bury), Ltd., Bury (England).				1923	40	index	True	(^.{1,30} ? (Frères|Brothers|Co\.|& Co\.,|Ltd\.|& Cie.,|S\. A\.,|A\.-G\.,|A\. G\.) ?(S. A.)?|^[A-Z]. [A-Z]. \w{1,10}|^ ?[A-Z][a-z]{1,3}\. \w{1,10}-?\w{1,10}|^\w{1,10} & \w{1,10}|^ ?[A-Z]. \w{1,10}|.{1,100} Co\.)	Robert Hall & Sons (Bury), Ltd.	True	(\(.{1,150}\),? ?)	(Bury), Ltd., Bury (England)							True	Robert Hall & Sons (Bury)	Robert Hall & Sons (Bury)	Robert Hall & Sons (Bury), Ltd.	pattern					
Hosiery Goods (agents)	True	(([A-Z][a-z]{1,10})? ?([A-Z][a-z]{1,10}) \(([A-Z][a-z]{1,10})? ?([a-z]{1,15})?,? ?([a-z]{1,15})\)$|^ ?[A-Z][a-z]{1,20}(( and | und )? ?-?[A-Z][a-z]{1,20})?( and | und )?( ?[A-Z][a-z]{1,20})?( ?\([A-Z][a-z]{1,10}\))?$|^ ?[A-Z][a-z]{1,10} \([A-Z][a-z]{1,10}\) [A-Z][a-z]{1,15}$)	Hosiery Goods (agents)	1923	40	index																						
J. Rupert Heywood. 79, Bahnhofstrasse, Zurich.				1923	40	index	True	(^.{1,30} ? (Frères|Brothers|Co\.|& Co\.,|Ltd\.|& Cie.,|S\. A\.,|A\.-G\.,|A\. G\.) ?(S. A.)?|^[A-Z]. [A-Z]. \w{1,10}|^ ?[A-Z][a-z]{1,3}\. \w{1,10}-?\w{1,10}|^\w{1,10} & \w{1,10}|^ ?[A-Z]. \w{1,10}|.{1,100} Co\.)	J. Rupert							True	Heywood.	Heywood.	True	J. Rupert Heywood	J. Rupert Heywood	J. Rupert Heywood	list	True	([0-9]{1,4}(,|\.) [A-Z].{1,15}(quai|berg|rain|vorstadt|weg|allee|gasse|graben|strasse|platz| Street| Road)|[0-9]{1,4}(,|\.)? (rue de la|Route des|Route de|Boulevard de|Charing|Via|Pall|Avenue de|Rue|Rue de|Grand|Rue du|rue|St.|Avenue|Place|Avenue de la|Rue de la|Ruelle) [A-Z].{1,15},|[A-Z][a-z]{1,10} (E.| W. S.) [0-9]{1,3})	79, Bahnhofstrasse		
Hosiery Manufacturers	True	(([A-Z][a-z]{1,10})? ?([A-Z][a-z]{1,10}) \(([A-Z][a-z]{1,10})? ?([a-z]{1,15})?,? ?([a-z]{1,15})\)$|^ ?[A-Z][a-z]{1,20}(( and | und )? ?-?[A-Z][a-z]{1,20})?( and | und )?( ?[A-Z][a-z]{1,20})?( ?\([A-Z][a-z]{1,10}\))?$|^ ?[A-Z][a-z]{1,10} \([A-Z][a-z]{1,10}\) [A-Z][a-z]{1,15}$)	Hosiery Manufacturers	1923	40	index																						
Buser & Keiser & Co., Laufenburg.				1923	40	index	True	(^.{1,30} ? (Frères|Brothers|Co\.|& Co\.,|Ltd\.|& Cie.,|S\. A\.,|A\.-G\.,|A\. G\.) ?(S. A.)?|^[A-Z]. [A-Z]. \w{1,10}|^ ?[A-Z][a-z]{1,3}\. \w{1,10}-?\w{1,10}|^\w{1,10} & \w{1,10}|^ ?[A-Z]. \w{1,10}|.{1,100} Co\.)	Buser & Keiser & Co.							True	Laufenburg.	Laufenburg.										
Devaud, Kunstlé & Cie., S. A., 5, Rue du Prince, Geneva.				1923	40	index	True	(^.{1,30} ? (Frères|Brothers|Co\.|& Co\.,|Ltd\.|& Cie.,|S\. A\.,|A\.-G\.,|A\. G\.) ?(S. A.)?|^[A-Z]. [A-Z]. \w{1,10}|^ ?[A-Z][a-z]{1,3}\. \w{1,10}-?\w{1,10}|^\w{1,10} & \w{1,10}|^ ?[A-Z]. \w{1,10}|.{1,100} Co\.)	Devaud, Kunstlé & Cie., S. A.							True	Geneva.	Geneva.						True	([0-9]{1,4}(,|\.) [A-Z].{1,15}(quai|berg|rain|vorstadt|weg|allee|gasse|graben|strasse|platz| Street| Road)|[0-9]{1,4}(,|\.)? (rue de la|Route des|Route de|Boulevard de|Charing|Via|Pall|Avenue de|Rue|Rue de|Grand|Rue du|rue|St.|Avenue|Place|Avenue de la|Rue de la|Ruelle) [A-Z].{1,15},|[A-Z][a-z]{1,10} (E.| W. S.) [0-9]{1,3})	5, Rue du Prince		
Hanro Knitting Works, Handschin & Ronus, Ltd., Liestal.				1923	40	index										True	Liestal.	Liestal.	True	Hanro Knitting Works, Handschin & Ronus, Ltd.	Hanro Knitting Works, Handschin & Ronus, Ltd.							
Arthur Kemp (mens' and boys' stockings and sport hose, socks, sweaters), Dover Street, Leicester.				1923	40	index				True	(\(.{1,150}\),? ?)	(mens' and boys' stockings and sport hose, socks, sweaters)	True	Dover Street	Dover Street	True	Leicester.	Leicester.	True	Arthur Kemp	Arthur Kemp							
Ruegger & Co. (cotton and lisle), Zofingen.				1923	40	index	True	(^.{1,30} ? (Frères|Brothers|Co\.|& Co\.,|Ltd\.|& Cie.,|S\. A\.,|A\.-G\.,|A\. G\.) ?(S. A.)?|^[A-Z]. [A-Z]. \w{1,10}|^ ?[A-Z][a-z]{1,3}\. \w{1,10}-?\w{1,10}|^\w{1,10} & \w{1,10}|^ ?[A-Z]. \w{1,10}|.{1,100} Co\.)	Ruegger & Co.	True	(\(.{1,150}\),? ?)	(cotton and lisle)				True	Zofingen.	Zofingen.										
Hosiery Merchants	True	(([A-Z][a-z]{1,10})? ?([A-Z][a-z]{1,10}) \(([A-Z][a-z]{1,10})? ?([a-z]{1,15})?,? ?([a-z]{1,15})\)$|^ ?[A-Z][a-z]{1,20}(( and | und )? ?-?[A-Z][a-z]{1,20})?( and | und )?( ?[A-Z][a-z]{1,20})?( ?\([A-Z][a-z]{1,10}\))?$|^ ?[A-Z][a-z]{1,10} \([A-Z][a-z]{1,10}\) [A-Z][a-z]{1,15}$)	Hosiery Merchants	1923	40	index																						
Thomas Adams, Ltd., Nottingham.				1923	40	index	True	(^.{1,30} ? (Frères|Brothers|Co\.|& Co\.,|Ltd\.|& Cie.,|S\. A\.,|A\.-G\.,|A\. G\.) ?(S. A.)?|^[A-Z]. [A-Z]. \w{1,10}|^ ?[A-Z][a-z]{1,3}\. \w{1,10}-?\w{1,10}|^\w{1,10} & \w{1,10}|^ ?[A-Z]. \w{1,10}|.{1,100} Co\.)	Thomas Adams, Ltd.							True	Nottingham.	Nottingham.										
Ernest Adler, 14, Rue de la Croix d'Or, Geneva.				1923	40	index							True	14, Rue de la Croix d'Or	14, Rue de la Croix d'Or	True	Geneva.	Geneva.	True	Ernest Adler	Ernest Adler			True	([0-9]{1,4}(,|\.) [A-Z].{1,15}(quai|berg|rain|vorstadt|weg|allee|gasse|graben|strasse|platz| Street| Road)|[0-9]{1,4}(,|\.)? (rue de la|Route des|Route de|Boulevard de|Charing|Via|Pall|Avenue de|Rue|Rue de|Grand|Rue du|rue|St.|Avenue|Place|Avenue de la|Rue de la|Ruelle) [A-Z].{1,15},|[A-Z][a-z]{1,10} (E.| W. S.) [0-9]{1,3})	14, Rue de la Croix d'Or	14, Rue de la Croix d'Or	pattern
Beacon Spinning Co., Ltd., Beacon Mills, Halifax, Yorkshire.				1923	40	index	True	(^.{1,30} ? (Frères|Brothers|Co\.|& Co\.,|Ltd\.|& Cie.,|S\. A\.,|A\.-G\.,|A\. G\.) ?(S. A.)?|^[A-Z]. [A-Z]. \w{1,10}|^ ?[A-Z][a-z]{1,3}\. \w{1,10}-?\w{1,10}|^\w{1,10} & \w{1,10}|^ ?[A-Z]. \w{1,10}|.{1,100} Co\.)	Beacon Spinning Co., Ltd.																			
Bonnard & Cie., S. A., Lausanne.				1923	40	index	True	(^.{1,30} ? (Frères|Brothers|Co\.|& Co\.,|Ltd\.|& Cie.,|S\. A\.,|A\.-G\.,|A\. G\.) ?(S. A.)?|^[A-Z]. [A-Z]. \w{1,10}|^ ?[A-Z][a-z]{1,3}\. \w{1,10}-?\w{1,10}|^\w{1,10} & \w{1,10}|^ ?[A-Z]. \w{1,10}|.{1,100} Co\.)	Bonnard & Cie., S. A.							True	Lausanne.	Lausanne.										
C. P. Coate, "Old England", 1, Grand Pont, Lausanne.				1923	40	index	True	(^.{1,30} ? (Frères|Brothers|Co\.|& Co\.,|Ltd\.|& Cie.,|S\. A\.,|A\.-G\.,|A\. G\.) ?(S. A.)?|^[A-Z]. [A-Z]. \w{1,10}|^ ?[A-Z][a-z]{1,3}\. \w{1,10}-?\w{1,10}|^\w{1,10} & \w{1,10}|^ ?[A-Z]. \w{1,10}|.{1,100} Co\.)	C. P				True	Grand Pont	Grand Pont	True	Lausanne.	Lausanne.	True	C. P. Coate, "Old England"	C. P. Coate, "Old England"	C. P. Coate, "Old England"	list	True	([0-9]{1,4}(,|\.) [A-Z].{1,15}(quai|berg|rain|vorstadt|weg|allee|gasse|graben|strasse|platz| Street| Road)|[0-9]{1,4}(,|\.)? (rue de la|Route des|Route de|Boulevard de|Charing|Via|Pall|Avenue de|Rue|Rue de|Grand|Rue du|rue|St.|Avenue|Place|Avenue de la|Rue de la|Ruelle) [A-Z].{1,15},|[A-Z][a-z]{1,10} (E.| W. S.) [0-9]{1,3})	1, Grand Pont	1, Grand Pont	pattern
H. de Groot, "Maison Albion", 22. Rue de Bourg, Lausanne.				1923	40	index	True	(^.{1,30} ? (Frères|Brothers|Co\.|& Co\.,|Ltd\.|& Cie.,|S\. A\.,|A\.-G\.,|A\. G\.) ?(S. A.)?|^[A-Z]. [A-Z]. \w{1,10}|^ ?[A-Z][a-z]{1,3}\. \w{1,10}-?\w{1,10}|^\w{1,10} & \w{1,10}|^ ?[A-Z]. \w{1,10}|.{1,100} Co\.)	H. de							True	Lausanne.	Lausanne.	True	H. de Groot, "Maison Albion"	H. de Groot, "Maison Albion"	H. de Groot, "Maison Albion"	list	True	([0-9]{1,4}(,|\.) [A-Z].{1,15}(quai|berg|rain|vorstadt|weg|allee|gasse|graben|strasse|platz| Street| Road)|[0-9]{1,4}(,|\.)? (rue de la|Route des|Route de|Boulevard de|Charing|Via|Pall|Avenue de|Rue|Rue de|Grand|Rue du|rue|St.|Avenue|Place|Avenue de la|Rue de la|Ruelle) [A-Z].{1,15},|[A-Z][a-z]{1,10} (E.| W. S.) [0-9]{1,3})	22. Rue de Bourg		
Grieder & Co., Paradeplatz, Zurich.				1923	40	index	True	(^.{1,30} ? (Frères|Brothers|Co\.|& Co\.,|Ltd\.|& Cie.,|S\. A\.,|A\.-G\.,|A\. G\.) ?(S. A.)?|^[A-Z]. [A-Z]. \w{1,10}|^ ?[A-Z][a-z]{1,3}\. \w{1,10}-?\w{1,10}|^\w{1,10} & \w{1,10}|^ ?[A-Z]. \w{1,10}|.{1,100} Co\.)	Grieder & Co.				True	Paradeplatz	Paradeplatz	True	Zurich.	Zurich.										
J. G. Weith, 27, Bourg, Lausanne.				1923	40	index	True	(^.{1,30} ? (Frères|Brothers|Co\.|& Co\.,|Ltd\.|& Cie.,|S\. A\.,|A\.-G\.,|A\. G\.) ?(S. A.)?|^[A-Z]. [A-Z]. \w{1,10}|^ ?[A-Z][a-z]{1,3}\. \w{1,10}-?\w{1,10}|^\w{1,10} & \w{1,10}|^ ?[A-Z]. \w{1,10}|.{1,100} Co\.)	J. G				True	27, Bourg	27, Bourg	True	Lausanne.	Lausanne.	True	J. G. Weith	J. G. Weith	J. G. Weith	list					
